25,,30,,35,,40,,45,,50,,55,,60,,65,,70,,75,,80,,85,,90,,95,,100,,110,,120,,130,,140,,150,,160,,170,
X,Y,X,Y,X,Y,X,Y,X,Y,X,Y,X,Y,X,Y,X,Y,X,Y,X,Y,X,Y,X,Y,X,Y,X,Y,X,Y,X,Y,X,Y,X,Y,X,Y,X,Y,X,Y,X,Y
0.7519062308951773,0.2167955195457707,0.583473757439901,0.2321937782400023,0.47292819046146706,0.1965243593076944,0.39312090058816507,0.039362954738698885,0.32682243319021553,0.09670444883245333,0.26784487059666773,0.09184650087486945,0.21729103667110927,0.13689811463947565,0.17480348823318603,0.1522255405566839,0.12258455311404215,0.22531316098294463,0.057030785555172936,0.1197782259481266,0.017265067776005394,0.18865719887285914,0.008909751452844838,0.9394669271364022,0.019467770383747807,1.9053426746400395,0.008164320799398495,2.47667395138679,0.011093762077761415,3.185202414498233,0.007121223832980805,3.620912534169085,0.009275720800803855,4.788880097254527,0.013088885297279806,5.90995045921845,0.014095301004167005,6.740382131588749,0.007233375729935987,7.395703373692088,0.015759871264238556,8.432493060777054,0.010816333701082814,8.983638471754729,0.014647206391814882,9.575369588284484
0.7710992900325823,0.3359185423064228,0.6050249109319992,0.48459654128047136,0.48790853577125515,0.3481398197793033,0.40637607426198286,0.270929469386608,0.34307075547935095,0.2918930200200971,0.2796827984568574,0.36492456449788113,0.2233441784311383,0.3722793678455729,0.18450302514985206,0.39225303042014703,0.13163259713155362,0.594529011222217,0.06889162163491602,0.3232276697562315,0.023363573120085412,0.37798140639603117,0.007760686403339212,1.136187257127197,0.06079476062315975,2.8300232595726142,0.02627165213236171,2.8365929996416193,0.04017061704624508,3.7156159570506015,0.015099749133914653,3.828417154461833,0.0674530416634459,5.856648794507649,0.05575776314587472,6.694600546705363,0.02358394175971662,6.8573152409930636,0.03223537844238156,7.797201262060193,0.03484466681189258,8.793422951787335,0.00979516116564888,9.2179592008826,0.031232195183652223,9.869538111266486
0.7906253381773208,0.5274857877686974,0.6028219272418083,0.2187375181825213,0.5035188009022747,0.5572547379960224,0.40750152838581377,0.5254493454292484,0.35198830697014194,0.7754713401308435,0.2932403887370263,0.6090379250493645,0.2397065499237564,0.6391802230389234,0.19627931162908352,0.6624812553142152,0.14659391315957754,0.7931559234612489,0.07726928401273303,0.5908058633798761,0.03136374176955453,0.5918491711581297,0.021577013077360874,0.9218236629259278,0.09599865080424713,3.558148790994118,0.03990302655526429,3.102398898156802,0.06767734545735626,3.784412291735473,0.027075997667015628,4.0352524050117005,0.10648583695812575,6.641381520234422,0.0671579050925113,6.838969551743766,0.07226180019254147,7.804969256607194,0.07928211542650748,8.79985102630229,0.0473689980113417,9.039212688061726,0.05747939314299366,9.873487038585594,0.04703195204733429,10.116121174643553
0.8027887595128841,0.7435316604242934,0.6257255089349083,0.5378450814085043,0.5198687344965461,0.8014079419845825,0.4204363805013106,0.7392049582943918,0.3564979937740238,0.4976828968357139,0.3048963157118061,0.8286077283619213,0.2533949840837064,0.8326707751551221,0.20314503151636953,0.8482756294490081,0.15646229630306302,1.140521173706611,0.09213236172500294,0.8178234380599689,0.03814007743821457,0.9040918577441732,0.03663488092644773,1.6070186287392745,0.11928689382813212,3.8121649672890308,0.03897826529966897,2.830519089011784,0.07343841132200102,4.40907474685012,0.040398855994434546,4.317263662363764,0.1233769948070017,6.796472836894884,0.0713252334741088,6.995073186842532,0.10537218829713224,8.452150632084157,0.1215515751157708,9.467072174945717,0.06095610194860407,9.29200306379869,0.0720925885585389,9.893402854392265,0.06103874018846578,10.385389615408942
0.8111381731046258,1.0600774382145643,0.6271559375153717,0.6911183567920065,0.5148446668118927,0.5461502245146055,0.43647528231218413,0.8117329997821607,0.37434785358415257,0.9346325901044916,0.31655880127705127,1.0501057572712509,0.2632095399383023,1.0963320145881794,0.21598052098631826,1.1473640790684922,0.16500158108877283,1.3941012037355853,0.10562010301671731,1.0414011960058187,0.052467974168522946,1.0946753146366661,0.04772105377809949,1.8881716289430597,0.12412634656060484,4.130236797908747,0.0517163597012093,3.3682461157919144,0.08735508443014045,4.758758458824936,0.05215316182619262,4.565756849627919,0.13293204129101166,7.111111048648347,0.09446000548110772,7.382150702354769,0.12644051241330362,8.766237922238542,0.13469499040806143,9.767599907242793,0.07267105623757086,9.528926897482204,0.10376664535124763,10.118302824175903,0.0727143429346413,10.610744095511818
0.8155888325943207,0.7649349645484764,0.6429324629146845,1.0530531878263196,0.5238384619168418,1.0521441671878402,0.4436223095139382,0.9885953607341871,0.3825600286704097,1.2108302472822845,0.3286607124034657,1.4007949011643848,0.2716698405559811,1.350024032549348,0.22377950487326692,1.4357198872859374,0.16670599478592057,1.627926103424287,0.10877806432571835,1.3016600026702831,0.05921676375722906,1.2970012718980803,0.07789300596597493,2.511452844905732,0.13489765085343658,4.303545714546718,0.061396839227866484,3.5415798239018463,0.0811827949433267,4.547741713338066,0.0657058331635127,4.808424040981821,0.13606639167433787,6.7853373340735175,0.10609625668449196,7.595935828877005,0.1381972777164862,9.015454194101485,0.1412814548827535,9.92220228098407,0.08349666565945452,9.771656067516005,0.1135651795062787,10.326344593027752,0.08628669004335698,10.859195963656038
0.8336846395468952,1.0960112995144295,0.6418625928450463,0.7385113873526952,0.5398945472347343,1.258693856708852,0.4537894364531142,1.2456094687307488,0.3982728045704006,1.3402045436977805,0.3402576120640587,1.6030106741059824,0.2778407246305523,1.579718495927819,0.2474824147793151,1.767102672391379,0.18245511464650366,1.7908946151629919,0.118429030195282,1.5999530592310989,0.07091204227480019,1.5281404287912754,0.09172900841139225,2.837419382040237,0.14827324024819577,4.494150814787748,0.07497312149086127,3.7911886274041326,0.10298748480398012,4.900138714188339,0.0774404632238751,5.051132551455655,0.14695693114182717,7.3144286647881,0.12344635190117142,7.809591095308033,0.15160238076833887,9.214736309527993,0.1542586099067509,9.995667676221128,0.09809766209673448,9.948349020076314,0.12982130183336027,10.829280920826102,0.10123083193377697,11.083319133984977
0.8440090086924749,1.369557646496658,0.662708088850162,1.2543599401294387,0.5557573415222019,1.4253856802546605,0.45607032682861703,1.5937669967043084,0.4075093986943721,1.5204904888726491,0.3559566289781949,1.789430737771157,0.27885739984681,1.7258937367803413,0.257182570077368,1.9462210572916292,0.19471761754516648,2.0360704673698415,0.1372705488837513,2.099359553641072,0.08262699656376704,1.7650642624747905,0.10492948344073022,2.976540858847421,0.16373249383375377,4.762807732578159,0.09057600820760747,4.102073685763877,0.11578460651970734,5.09885613497579,0.08010259509370582,4.764708412094977,0.18503938667809738,7.819761501542439,0.1339957134926602,8.100921585023928,0.16319928042893178,9.41695208246959,0.17103810775295664,10.296112770278343,0.10941260795322788,10.174579465521726,0.12899491943474317,10.586324495632683,0.11891305417161491,11.364074290091141
0.8625758864052132,1.5718560576781182,0.6743394211106973,1.4666988974540955,0.568692334178923,1.677364430421553,0.46793369265039664,1.7215965483075322,0.4191687689291461,1.8174362469871475,0.36892029204466403,2.011656770222125,0.288958940881334,1.4884740736576556,0.26757728010568693,2.1513567147083417,0.21037390992712934,2.2608386094851265,0.13239194136620125,1.6959580343904377,0.08750855544702646,1.9529698468803356,0.11466899028157429,3.1672285973283114,0.17829059708939132,4.944708271553754,0.10023681196286899,4.2696227170834895,0.12367852600364004,5.281486645070165,0.09093410724700818,5.276445712438601,0.19683796299549572,8.081270211584814,0.14839523003084876,8.27183399270591,0.17084528519327935,9.526695665005938,0.21177718594306671,10.869765394534351,0.12494328458895204,10.357325669151905,0.1348301910657944,11.156439809707184,0.13385680254660698,11.659354494157
0.8558336554069724,1.3714583260134776,0.6926231316801,1.4966552594039642,0.5839449921648268,1.8852822419136097,0.47987295073327385,1.4899202428552347,0.42804415805266083,2.0595279220277285,0.37694505540837764,2.2327553809721237,0.3027772351324952,1.809234401680873,0.2700200271244563,2.3349788836810554,0.22511499785674638,2.496536642610694,0.13560597862367973,1.839066806270949,0.10224374064522473,2.1869324769688068,0.12276753778802169,3.4100197460420083,0.1886557934606169,5.141166913784987,0.11843788429241003,4.5425561637867435,0.13722627839811113,5.52270766722649,0.10260970999318375,5.501800192541477,0.21217916195267972,8.315219068633308,0.16187903616828403,8.494254815293697,0.19194558243796855,9.85018305494459,0.2283536298284694,11.11051262411547,0.13629659819966689,10.59483623433844,0.15540373980197741,11.401426774508632,0.1506963114955694,11.888351943333777
0.8802482270334168,1.7784332932790856,0.6916019591446662,1.7309759885318363,0.5805538729647874,1.6901113789202218,0.49234197896097875,1.6812690872550191,0.42191206335598397,1.554873899386537,0.39228625436556175,2.466704238020618,0.3188490610675042,2.0798057720280796,0.2851044572649273,2.600346799524971,0.2258233256269896,2.704785007062197,0.15525026878509135,2.269033568271413,0.11531474909877942,2.3948998714047796,0.12872339378948328,3.557405046835363,0.20152374795336847,5.360709171017589,0.1284683957921957,4.765344726541915,0.1539811815300723,5.815921915295803,0.11773250788787615,5.671539137217424,0.22746133359567688,8.531813895310844,0.17915633103079964,8.762870413964178,0.20750911761192348,9.971316941541877,0.24591622337622188,11.284824218063763,0.14974105279431088,10.805687703345583,0.18032048083837526,11.777857730118686,0.16132221183778733,12.072366643945834
0.8980211327154203,2.014576654697239,0.7172808083931218,1.7969213039414789,0.6036837260289374,2.0757427252348797,0.50573084950143,1.875778844329512,0.44727905162781867,2.3309502694877975,0.405770060502997,2.689125060608403,0.3236889260542348,2.382726078126866,0.2881286233284378,2.8479970767425358,0.2498317018839551,2.814156717519166,0.1668299521457131,2.599824112657845,0.12371787754643127,2.6203287259235313,0.14200791247092553,3.7975989937248333,0.21741193335535136,5.5772902246551475,0.11958596555334594,4.078273872683704,0.16589879626441428,5.934246101737793,0.12387725129473598,5.874457335197848,0.24488914810936913,8.691954998699995,0.19433028593112067,8.947649518294954,0.21876070748452292,10.250193454995188,0.2538494944029458,11.479024081738777,0.16130351985496144,10.997780291904123,0.19667957303576067,11.776521745240924,0.1747469906610356,12.277433436162664
0.893670163800797,1.804482702888825,0.7256351409277125,2.11491325092933,0.6118560576781185,2.340226411912275,0.5203932343454644,2.177429079384711,0.4419223228653545,2.0924356496869447,0.41661613272713216,2.8844157490495905,0.3415581805533108,2.5199232644915575,0.2824659363207712,2.252258005579487,0.2575106635653903,3.200862360952027,0.16822840759765856,2.877333651893441,0.1353442908641177,2.831221514050609,0.15897784367599627,3.8994860407429006,0.2361826192667965,5.750417337165425,0.12393037587750427,4.286439598895345,0.1737022071999269,6.090267098596696,0.1356118813550985,6.117165845671682,0.25787347073580347,8.996618578144433,0.20778457841146258,9.16139332569726,0.23772323216707536,10.47972116621108,0.274796320630749,11.757390992712937,0.1747233797353609,11.20140091492337,0.2205620243557942,12.383416978785302,0.18817176948428405,12.482500228379493
0.9174649173968957,2.232867532869079,0.7436555240899371,2.245633173350573,0.6307456414652829,2.395582227156781,0.5159661857814444,1.9449677106537275,0.4591838771107536,2.534605325106987,0.434452416254998,3.1035558335148656,0.3440697927719648,2.7237918022303895,0.30730800312001516,3.0649165536480987,0.25227936784557325,2.9992250556894597,0.180731179773307,3.0251486715340774,0.15062646250711492,3.047816340728144,0.167051796468199,4.135046343468698,0.2450476786103285,5.989472056891088,0.14062920306098786,4.9195311544758855,0.20065014370340184,6.529324066981948,0.15273177004644883,6.339504030019608,0.2770619857069575,9.216223797845503,0.22314053419719337,9.399680690338496,0.2512843359778507,10.724867504760834,0.33371345049786727,12.508118082736623,0.190064578692545,11.435349771971865,0.23048648344775735,12.093935224549742,0.19968996605929434,12.661577294159809
0.9359809426099911,2.4838516727919218,0.7639268154998232,2.5035746660389155,0.6351848327910784,2.570522658758881,0.5283568622766273,2.380553872964787,0.48063007441657823,2.6746964239285496,0.44974934472654193,3.3244891677851407,0.36239364191501466,2.9793670866506923,0.30247619583014185,2.789819755879894,0.27027974730687876,3.4804275264041817,0.1964473989332921,3.274323165175758,0.1642578369300175,3.3136222392433257,0.17862902035739625,4.331477439619977,0.2588589458002769,6.1808937016450365,0.14859985805336345,5.1247219040525085,0.21419297715502394,6.769098919940692,0.16430899393564619,6.535935126170884,0.2923146436928612,9.424141609337559,0.2363931500207298,9.554131560640025,0.268272818624523,10.90857231197341,0.3621351022788759,12.845901888171348,0.20536150716408885,11.656283106242139,0.2438896189224704,12.649002508660853,0.21312458276824053,12.869536424771798
0.9585037981265855,2.6910257401252227,0.7571517915492562,2.2935358063904094,0.6491096713443472,2.735516102510769,0.5395734222490812,2.6045861412298765,0.48875796693065,2.9566604594292616,0.4668102061037054,3.5294733217621057,0.38101990766441574,3.07439830788366,0.31615164398097073,3.2824015122235726,0.27990077789567624,3.712646883147,0.1942201016113051,3.0352553282691646,0.17779575143879078,3.551950923004491,0.1902062442465936,4.527908535771255,0.2728799004968133,6.383054382426726,0.16207382630510092,5.344250388245133,0.23119481121800056,6.956729043546698,0.17783215161587274,6.769925302339308,0.3075377880216714,9.623382405644136,0.2487534696114737,9.802610974864203,0.2798893940565116,11.116572761705328,0.3773385708362905,13.039358007687607,0.22235251955279778,11.84073165761347,0.2542083804732024,12.867445677303294,0.23017954141398522,13.072785175711669
0.9762818413711202,2.839588635836607,0.7817965384696467,2.666364128257921,0.668020547126986,2.816222673515709,0.5389278110001616,2.2811400704111526,0.500806495815385,3.234382496995931,0.4803727153267232,3.775032851511169,0.3811910868755578,3.302906814141258,0.32603989965356595,3.5702759526938244,0.29180799257942336,3.9297316365322863,0.21564554097830746,3.4543345021678484,0.18927698567182216,3.7965246966066313,0.20742451179492216,4.7791701040707775,0.284378421300428,6.556346771416727,0.17546909147125578,5.540640165276482,0.24470321206968038,7.186380712122384,0.19239025487151018,6.951825841314903,0.32652982636131744,9.861587132045509,0.26248400992221044,9.95502618985714,0.2951125383853218,11.315813558011904,0.4379163358092012,13.7437663642688,0.23218647009634097,12.059185844687896,0.2681842776532427,13.020723084598789,0.2431088843134912,13.23910289725734
0.9915067565193562,2.9858955075997664,0.776040532089075,2.5013709796426045,0.6705764298312803,3.0331067340327604,0.5558298607939174,2.8212518006844367,0.5063762148032072,3.0455162430519933,0.4992221043237508,3.971298671182725,0.3924726120289235,3.5142206637762015,0.3236355203890181,3.130661176189506,0.2945193138777432,3.6577691891474067,0.22703043420211233,3.5942203826937544,0.20645843141939613,3.9605970191206334,0.22196884201058265,4.77883955111133,0.299642884749169,6.767735388982976,0.18898733020863345,5.7731841722473245,0.2536653291826825,7.362334052435932,0.2026767481571532,7.1251457763848585,0.3435414983099918,10.052109594046675,0.2803527584728791,10.183710991026443,0.30845369518013876,11.496295473869873,0.4528541814527747,13.859129347115744,0.24880462661710245,12.134014770882672,0.2778578706599113,13.19203215583211,0.2533300540381007,13.46449043265616
1.0073493925105583,3.1534486708313723,0.8006785330307012,2.7958523473897983,0.6885519959586589,3.150650448209388,0.5508985503172718,2.5932647023688227,0.521543423724764,3.4319483932624535,0.5107747334987035,4.160498921346104,0.40702874770742126,3.670088189618219,0.33145860709592645,3.2924668498387297,0.3068121736808449,4.14096088035023,0.23183230621121942,3.9368798442803237,0.21999142698532037,4.197479533684218,0.23025430934528868,5.076585129333061,0.31868509630587394,7.02069104119966,0.202213711670309,5.919922140161763,0.26948386235392485,7.522800986599394,0.21607201332330805,7.321535553416208,0.36060235968715526,10.25709374802364,0.2918512792764938,10.357003380016444,0.3256129354142804,11.730203011798435,0.4773505168403521,14.111961041972634,0.2531529720955399,12.343337432452373,0.291154756969088,13.359498548911862,0.26487284532735567,13.650798344424377
1.0200240325493475,3.137974660417267,0.8052197010688159,3.0618648415046343,0.7046489631571181,3.4286133500108913,0.5716053321340482,2.801058556501086,0.5166036807746632,3.201482147750989,0.5260273914846072,4.368416732838162,0.42163266740216565,3.967276943509455,0.34716134835250545,3.6327091429093445,0.3195911655786433,4.3470754073938735,0.25584461762246413,4.225590308277177,0.23662363762850736,4.429167644599353,0.24356103354016312,5.246943860807971,0.335797114688666,7.2407153548314565,0.2157680226552453,6.1630713879148615,0.28671000021081183,7.7763764256150445,0.23503945694870942,7.55250943382968,0.37369265039667765,10.363821034805033,0.3090400331677289,10.599587933130486,0.3434234436816179,11.888310624213847,0.49080874447497314,14.326861784733005,0.2703033582325536,12.574641865825296,0.32160104562670844,13.757980141525014,0.2818254899618431,13.823966776054586
1.0276436155635351,3.3163138847702505,0.8220788857891742,3.2075560583808245,0.7108507663010252,3.6483071106832408,0.575672314081528,3.1949330672419483,0.5376410155508865,3.6846403901424387,0.539427575593611,4.566252679067087,0.42372616947866226,3.691857463090362,0.35372961273865666,3.9601425088013946,0.3369284715439156,4.54424336118392,0.25007174629498197,3.953820683451973,0.2488793945484059,4.6723601790495195,0.2573596520199287,5.56191951204087,0.35103501584602304,7.444294658730772,0.2346715200236109,6.375245068759796,0.30445065948969474,7.913948435424823,0.24702256389355404,7.791906511977626,0.3853269340229223,10.57702769364824,0.3298451938414836,10.836305171214347,0.35969530662581606,12.128601966171729,0.6447578826059155,15.755181122502762,0.2862456520058746,12.807130780636228,0.36958631690640664,14.32383171593808,0.29325022662272415,13.975566627080891
1.0411964742891544,3.4826725319204255,0.8421452212470223,3.2270586829881878,0.7018077817675868,3.1278514760342078,0.5808647501528386,3.385145635843634,0.5495553509899959,3.9801822819678576,0.5455801893090292,4.771484747763639,0.4380235687633075,4.153474670957859,0.3679965145776385,4.107338922189353,0.3530153822369946,4.819249650403705,0.26988524809039616,4.4335356658491865,0.2682922976382046,4.820480960177644,0.2801796116845974,5.856442198907994,0.3658738923594764,7.637469808231499,0.24515772238891964,6.5181885641605835,0.317153337502723,8.173990316709649,0.26203658288067344,8.006028094190729,0.4042510909512532,10.79527528512301,0.3488569079525252,11.08029457440604,0.37617966790108714,12.34227690837415,0.6631448909751453,15.815507037601805,0.3048585382307265,13.005137512560875,0.38788871945863523,14.537465339020567,0.3179649630727933,14.292608234310329
1.052291735473308,3.6901338655161022,0.8484390086222043,3.473795807655281,0.7265756428004243,3.781238983324784,0.6048288559241639,3.4815018235223856,0.5660449591376391,4.195399804647698,0.5659150990464278,4.869948210558862,0.45314341529229063,4.3223459141152585,0.3776873238842783,4.32189140379602,0.3596618578144435,4.63513165199182,0.2872176351128194,4.540166541350743,0.27932568320602646,5.070841771662673,0.2972699867188543,6.0701033680704395,0.3715546810768269,7.8108944184052795,0.2615899428699924,6.8056250219595675,0.33239123866008,8.377569620608966,0.2810728917059596,8.25724834337032,0.42128342245989303,10.991871657754011,0.3657652821013724,11.240447483258027,0.39579837955968433,12.58654177236538,0.7192897046526173,16.285718622414922,0.3196679010870863,13.189635646876123,0.40864469070390075,14.75972088512863,0.3369245363896365,14.521268244007675
1.059398202477742,3.4885260739106303,0.8666710702916932,3.4885673930305603,0.7418805821217508,3.9128911437947536,0.6120306098786427,3.6133629406845755,0.5841958582501212,4.36449141644473,0.5810772484839116,5.051256508815447,0.4691004658941583,4.559173336518935,0.3903744252449517,4.577353749288511,0.3790779090276656,4.997996163224579,0.29016604945645674,4.783363994743759,0.294515378723464,5.260248617425708,0.3106898465992537,6.273723991089685,0.3890043356967683,7.9163656039407755,0.28076890103789687,7.098784177868973,0.34761438298889025,8.576810416915542,0.2963255496918633,8.465166154862375,0.4384397113283254,11.224911494164028,0.37734644114484883,11.43803551476737,0.4166566648162072,12.838877637783103,0.7420384380248338,16.452391688391998,0.3367828708355879,13.410527662026468,0.42525300933896437,14.831657472928246,0.3559431370206666,14.767282284075979
1.072773791872501,3.679131174151658,0.8691580877961028,3.6852050847814932,0.7616564188690648,4.076078056595952,0.6325864504205696,3.6240527872838304,0.606301587413128,4.449030335823256,0.6001037194234999,5.29958441959988,0.4677172591650446,4.3306923763412914,0.39115292993317263,4.271688673080032,0.39087044207242094,5.181364514746289,0.30082343103290776,4.976634178220326,0.31354971997161063,5.510890398926264,0.3240211655083727,6.4513135685524965,0.40619899231942214,8.160685560091915,0.2960068021952539,7.302363481768289,0.3645611248919589,8.748243445508653,0.31162247816340727,8.68609948913265,0.4573402573309816,11.436217473490412,0.39437877265348864,11.634631887398372,0.435491296984688,13.030804949861917,0.7789591048460957,16.72306773384303,0.3557896660037806,13.653070896020576,0.44826185640903116,15.181713056982439,0.37282494887812967,14.919625879261034
1.0909601073734954,3.6804533859894453,0.8881363530957719,3.9193605374296427,0.7763306091759364,4.266653643179886,0.6352161172675975,3.86262938576458,0.6265361507164089,4.51799194698785,0.617125229257872,5.492999219996205,0.4869158931043449,4.629636209041017,0.4058566338971379,4.674577638485809,0.4058526987428587,5.3861479758550175,0.31520720695397986,5.142918844470055,0.32981292557639463,5.802091028550951,0.33745578221731887,6.659272699164484,0.42330805933650484,8.379842172205162,0.3112447033526109,7.505942785667605,0.3778894924353685,9.001328957816552,0.32118490306169056,8.824725136500664,0.4780234282220832,11.637069715474292,0.41136978504219757,11.819080438769703,0.4525826558075148,13.24475535286388,0.8011330433499407,16.827660199427996,0.36541997231337886,13.811653678315196,0.4689273191058768,15.377359089855034,0.39177271673213554,15.14481508288419
1.0954215885374579,3.923037939103487,0.8817466463350362,3.6444231134097413,0.7969598122369245,4.375275706746681,0.6529803874721553,4.04532482590456,0.640061838138672,4.676362230951394,0.6360336455690866,5.70661907003872,0.49686363519245946,4.881545110219456,0.4204968834983521,4.880629203060989,0.4114945856493356,5.593953635450118,0.33485989211118683,5.361535553416205,0.346354740104141,5.961384499708377,0.34703296394414895,6.802236854125237,0.4385016900082217,8.570405953326262,0.3284541168038114,7.754601249411484,0.3970379531576099,9.209158228337328,0.33819657501036493,9.015247598501832,0.48587602858608503,11.807552404308996,0.430400191136065,12.068565284912196,0.47326385912147684,13.445029127168727,0.8235398118153007,17.00070467369841,0.3810730322471838,13.959107844308434,0.4832296373333709,15.484058830556478,0.41250310947458657,15.359550549164837
1.1174053279178113,3.9717118623820338,0.9051863927986675,4.12116311917193,0.8165844266269403,4.5618820343810675,0.6495292571693593,3.794328880518878,0.6536643664752964,4.876414652828041,0.6548436830233229,5.891315536129635,0.5142352097929125,5.1778789518435495,0.4327730891663798,4.748015487642913,0.4274252145010434,5.634649426943158,0.3285367550436732,5.106169619203554,0.3614562881657263,6.155421447996234,0.36201508007336247,6.930615359750398,0.4573855116051916,8.776794957380874,0.3466030483391541,7.9231143935294845,0.41412045788330865,9.420505526783646,0.35534105841595987,9.244816628837654,0.500725333258378,11.8968843415995,0.44935976445290815,12.297225294609543,0.4959657641577716,13.704843753293932,0.845877715080776,17.15350277920271,0.4011816706135327,14.1692293421968,0.4971600834814872,15.659609998102692,0.43699944486216424,15.612382244021727
1.1376064424097199,4.030839523003085,0.9223131680100064,4.211889576760104,0.8454212371843971,4.724752823121843,0.671206054515941,4.109125482232075,0.6607034088273943,5.09407492252665,0.6756704870456126,6.1343959186828485,0.5114712558061094,4.899821934268871,0.44074261982896124,5.029239320623722,0.43276718643496104,5.815370993696728,0.3503874862093923,5.436466400106813,0.37663614579746607,6.4182995917277434,0.3756464544962651,7.19642125826558,0.4761935814822883,8.960912955792757,0.36512483574244414,8.112156253733128,0.4292826073207924,9.60181382504023,0.36984288896540585,9.4458093558293,0.5705074240901713,12.634637227964895,0.47011573569817366,12.519480840717602,0.5107068520873886,13.762359968237686,0.8534843683023322,17.25167700815842,0.42005860569051423,14.373593709374802,0.5177507782470294,15.833274259172072,0.45579964443070276,15.794186371717487
1.142217951330574,4.317532236643315,0.9384919645555033,4.3980921247725,0.8481128827113215,4.981551153492099,0.6784132895781655,4.268052590526118,0.6784959278180275,5.18325732395455,0.6945828385111062,6.349172704083426,0.5329055492702397,5.455140576359561,0.4534193679861145,5.205294187917673,0.44982280093975224,6.018812567196273,0.35838214564287063,5.648714455367619,0.3956626167370544,6.666627502512174,0.36897440041600205,7.373019176850052,0.4915465859023097,9.198332618915444,0.40066223024868775,8.67105932947782,0.4464418475549341,9.835721362968794,0.38397914368232067,9.646231878965898,0.591149275861342,12.823341648689102,0.4890930172092729,12.753347059526238,0.5263136739584139,14.074401961955491,0.8792714342934641,17.34943804591482,0.43704961807922305,14.558042260746134,0.5403641423120437,16.067057839740844,0.47892359476343394,15.91080958772232
1.1605164187285237,4.351827106185922,0.9623189302002012,4.61449275158636,0.8682662834575953,5.0266509728966255,0.6939833833425858,4.391114702720177,0.6857189034973684,5.346812173680846,0.7114902288713837,6.5090363790959,0.5500804317426409,5.666919659609155,0.4687962784683818,5.3962876878860495,0.462357579036871,5.96221914593098,0.37466896217332957,5.946856697140689,0.40535785309225836,6.844299718214847,0.3945499518646307,7.408594939110515,0.5122474649876675,9.404391070010611,0.4176001180546284,8.839889253515288,0.4671624024116875,10.04756449085428,0.4065728319759393,9.87423078274435,0.6095215274020253,12.87932905619541,0.5095204030722312,12.878998503235962,0.572939349434673,14.418714188339298,0.9015994996732416,17.499343813023955,0.45231703289367364,14.770298579830932,0.5628496138629864,16.26324102117254,0.4951738143590969,16.14473778521085
1.1706282895430302,4.473808034741792,0.9568884172950031,4.354285593821809,0.8788408159823481,5.233745353355774,0.712678251948253,4.613224254604482,0.6990551413493363,5.525847920341235,0.7267133732001939,6.7082771754024755,0.5649627917108786,5.6590607629983065,0.4909110584862305,5.626033013133577,0.4666571286022473,6.264104899969784,0.37420618803010397,5.703892008123283,0.424084268518063,7.004411307946905,0.4059451748684183,7.551517774951337,0.531124400064649,9.608755437188615,0.43288228969762566,9.056484080192824,0.48613378119136796,10.279695306625815,0.4226705643432861,10.063327735107901,0.6341860906350355,13.181619737609537,0.5435673578952547,13.266985039386679,0.604865256101246,14.717658021039021,0.9339220698911509,17.701088547998342,0.4747238013590337,14.943343054101344,0.5760087697723936,16.39021467672005,0.4904899969783637,15.836786384366196
1.1881190665251884,4.448823740223602,0.9768821491564011,4.673170033800165,0.8975595271937687,5.377707606538234,0.7079053033230974,4.385977358808773,0.7076349582241211,5.696314081527964,0.747317841005713,6.885990710225078,0.5693740996577821,5.886894390297034,0.4841032415833374,5.406353025501206,0.4818035374226146,6.440785456794115,0.393681266557513,6.143504489120938,0.4411844814380178,7.220964815504509,0.41763061550029157,7.779764593449373,0.5519177552755662,9.842001869198283,0.4499500375947775,9.2634928710464,0.49385061873273983,10.410263725607315,0.43881748613912175,10.266886379447252,0.664171966241998,13.44473989332921,0.5718119277337026,13.55270675370853,0.6234441032415834,14.834384534843686,0.9570851750089594,17.775768725361367,0.48627151159113746,15.13109713506714,0.6115353426043695,16.678663452957338,0.5391816284511655,16.52121694646082
1.214265215344291,4.652155129403333,0.988258905043322,4.871754446372982,0.9177043996430253,5.510548040503981,0.7332614699206644,4.89159942940263,0.7342150889743065,5.8846907039007235,0.768166288376538,7.135434237247642,0.5817645887646661,6.084849702872427,0.5106419220417828,5.725088716647811,0.49477275655214903,6.405008608149986,0.4126731081394449,6.322257429360468,0.45822566704378564,7.420164292691153,0.4380501310546916,7.903102166442972,0.5706520410099293,10.004427329646468,0.47070404126290344,9.48516994947543,0.5049162725656503,10.456293225210286,0.4577534485302901,10.488604776996212,0.6924126009261667,13.729304672293,0.5942678856275517,13.740212919954747,0.7210821674267606,15.565429950740302,0.9725631205773436,17.782648358829857,0.5029683711974815,15.229064768423196,0.6339027595269382,16.840138573647117,0.5682860294996029,16.792456309246912
1.2364319393986243,4.754626546831851,1.0086288095455602,4.9995972791219,0.924443632428482,5.659155206701005,0.7270301531196638,4.663228653544801,0.752161228892465,5.95794674893013,0.7888966811189894,7.350169703528287,0.6050502083523649,6.219306710140753,0.5120951745170651,5.938526762562631,0.5009417667437301,6.615061240838468,0.42107387549452946,6.119355759028018,0.47479109249720675,7.586399375996965,0.4570687316857217,8.149116206511275,0.5876607615928943,10.194082090129088,0.4888220537289101,9.695501978117733,0.537033034214761,10.811348422776112,0.47833430541013444,10.659376699670432,0.7127337376235884,13.823718861335003,0.6109647452338958,13.8381805533108,0.7466862487439129,15.78757531252855,1.0941572796840635,18.594967499841893,0.5590836712178601,15.690599338050838,0.7159625317096138,17.445711595353707,0.582968090115033,16.832618493819698
1.2407704469913639,4.961056870006397,1.013200475029338,4.8736669313526395,0.9430878312380978,5.642367838546244,0.7518378575895776,5.007602858608502,0.761027918514198,6.105844406810629,0.8077145888817839,7.537180040335333,0.614270274828364,6.410006254084479,0.5343251561764355,6.006141370417479,0.5100831301341466,6.782622077620918,0.43334712979684764,6.520419796636849,0.48649300456056277,7.788943340805442,0.47388856486328856,8.283238069806828,0.6045101084275545,10.336880968610119,0.5102995636194987,9.900798976859889,0.5517249327158888,10.854402945744061,0.4862262573169275,10.841428742085773,0.7261949166239187,14.039487305613921,0.6480929258574771,14.062956565734645,0.8434084057706227,16.427525842017612,1.1166143619077067,18.706440582683918,0.5832888051887821,15.857817816411,0.740216855109025,17.627391765689673,0.6112598818048304,17.13222343243832
1.2595568735199252,4.960629905767112,1.0305013808175283,5.149224142171503,0.9438138672025972,5.855822412109033,0.7616260619646259,5.212607672145433,0.7717138299591729,6.307502371633159,0.8302054712698602,7.7349540078843635,0.6273212139950951,6.352436914557963,0.5476490966712811,6.181561694083918,0.5220607559712452,6.676771346455201,0.4425621789511409,6.663826066180864,0.5055508161931599,7.970121778970817,0.4846994174566255,8.521628732247887,0.6197480095849115,10.540460272509435,0.5292827478620167,10.136400598705617,0.5803059582452023,11.239042633180379,0.5022411546866985,10.952717659707535,0.8158564230853015,14.741788387078639,0.7187368154763997,14.824987386425125,0.8789448164882964,16.71886695665006,1.1386964801450388,18.78403788991406,0.5984922737461966,16.051273935927256,0.7606875276690536,17.765769498338102,0.6098963508471122,17.265890785414634
1.2883453378962386,5.278983886948639,1.0486194869776844,5.308674625984668,0.965679945470005,5.976813059090558,0.7762867603139693,5.32285298685237,0.7768708496419713,6.4873025220122695,0.8476977239348734,7.888585382307266,0.635086678800059,6.573665385399174,0.5655255187727941,6.3590479737469,0.5311912976873941,6.955696065548427,0.45634991017073423,6.868691772014024,0.522577244970381,8.164982748564723,0.5051228681653046,8.73521414969046,0.6460171319752367,10.779945891628662,0.5469043687239559,10.32806622302487,0.6046370171530564,11.443283042998589,0.516397085175009,11.158924859634453,0.8382839916518513,14.844584454735184,0.7384165220263234,14.959912021193617,0.8937449317321006,16.79373720196477,1.159890434061571,18.921242159556453,0.6069233417892304,15.8572806678519,0.7829172141918529,17.88675188149564,0.6880544175620315,17.793453308691774
1.2888462268194818,5.197154321291293,1.0647273851602521,5.589851237114127,0.9825387366749353,6.015479491521852,0.7968417576085506,5.409658555095673,0.7985338739485758,6.619868031790425,0.8622951787333019,8.0820552748635,0.6479409305234458,6.80190630116579,0.570056848925211,6.622168129466576,0.5477748248504993,7.127253051501333,0.4690335682714132,6.855869071795485,0.539544646433415,8.342489687787673,0.5250918085547444,8.904264442367559,0.6665409291180336,10.933942251610953,0.5669775907017927,10.527775302690664,0.6310241941717555,11.717476722859734,0.5389907734686277,11.386923763412902,0.8495354409832264,15.021601467250381,0.7590170546775633,15.136468620658157,0.9661734138166079,17.240438207537228,1.185023083896084,19.040423029085005,0.6165048802940122,16.23061662462142,0.8052846311144216,18.048227002185413,0.7099988053995939,17.83055787838968
1.3111742921992593,5.347060088400431,1.061797662799441,5.263058317581006,0.9867798491992664,6.193275664584316,0.8110502879923921,5.6669664879450785,0.8191216173484087,6.748119136795802,0.8847806502842447,8.278238456295194,0.6492852776040533,6.929871615591644,0.5900859409586318,6.936175732746809,0.56385386523502,7.257400015459535,0.47698454749239316,7.055275144581785,0.5566596161819166,8.563381702938015,0.6026064775450259,9.777213489146705,0.6872732894376244,11.149256185570634,0.5877414322556164,10.752344719514852,0.6479866766919407,11.893537492885102,0.5598116747594989,11.62826874292902,0.9537166829460252,15.71634114976776,0.7758516446836768,15.274928991546446,0.9792833802975259,17.352950171108944,1.2064134020111452,19.128449282185695,0.6395811871517213,16.371414477151514,0.8275438312943145,18.177886400528433,0.7322678434651845,17.963109615127856
1.337364711504002,5.56340700035838,1.087262046139684,5.800496110521621,1.002481114772991,6.354902288713838,0.8247026499047835,5.849851799279023,0.8303220502153793,6.700137308776098,0.9073153112636766,8.488883329702686,0.6715592346124928,7.063869521527403,0.5865274371605051,6.653611979733956,0.5737745859304181,7.447910081724723,0.49747883097809664,7.200594489378599,0.5755011348703858,8.757333651893443,0.6176558192265079,9.925356307138792,0.7110025508232202,11.329295396572201,0.6068068612225681,10.905217199435025,0.6705705270998616,12.118644058268394,0.5804043371021805,11.80251147167743,0.9709900426542618,15.805617994898356,0.827316379376981,15.652106445923248,1.0249941324038874,17.60645674492471,1.2274479821793727,19.218797669826504,0.6619486040742901,16.532889597841287,0.8498128693599049,18.310438137266615,0.7545860709592643,18.110123043841835
1.346355358485528,5.747748122017892,1.1096393009479506,5.964863569606557,1.0225917207164792,6.565602254281236,0.8231443288102483,5.6589781247584465,0.8420271666186484,6.934168804064454,0.9280476715832674,8.704197263662365,0.693847948449479,7.2022059350559005,0.6101147519096038,7.173737061423543,0.5923078210552474,7.575524183631163,0.5156697374924166,7.559630095497763,0.5953018474143928,8.966015867104218,0.6382589753139339,10.10268419684204,0.7304950564624367,11.56191023632007,0.6215876942104043,11.081327552404309,0.6912379573738469,12.314868558820017,0.594795196300955,11.93524225793531,1.091232616807325,16.589662068626282,0.8475063770580505,15.761420309612319,1.0606230192471209,17.746804022289837,1.242238259537479,19.29077557674605,0.6843848861967438,16.714611087297182,0.8519850745219842,18.414521000372435,0.7731452423282058,18.22106488085618
1.3635262730106974,5.949451537872347,1.1320263936419148,6.132123367086651,1.0403108771880514,6.735034256923413,0.8500504542995074,6.0857426549642675,0.8537263802904987,7.1664648963157145,0.9485026035261793,8.837947254878538,0.7107523874440472,7.183020090368007,0.6130425066932759,6.965406058732178,0.6117084893926511,7.642295881439425,0.5106537275046203,7.332195886358367,0.6143562860576078,9.184384464573073,0.6533266810487187,10.256226046505091,0.7510936215365372,11.737888368105574,0.644073165761347,11.277510733836003,0.7136840773819982,12.499482386671072,0.6085564308150689,12.061045205084785,1.113491816987218,16.7193214669693,0.8611343082209589,15.758941162416466,1.0919277337024882,17.786753708531556,1.280185739281975,19.43569825799153,0.7079314439908085,16.84093544238864,0.8739314299366864,18.45220403774937,0.798792020069287,18.38449026400669
1.3848849787197164,6.170729198142045,1.1342477882324835,6.250667922168271,1.05993305553018,6.853045598600209,0.8519653987505885,5.936009050854842,0.8624683255215838,7.063869521527401,0.9634842980317203,9.042565439507545,0.7125350123324926,7.3507481712073215,0.6285091386931071,7.23623223031896,0.6283804263552274,7.911118075709558,0.5333202161524029,7.759779912442818,0.6358978827464566,9.408522982003696,0.7040960739809005,10.749700295839277,0.7697511717624573,11.877753589071514,0.6656889682166022,11.485283928408302,0.7361793868186387,12.698557906497925,0.629404878185894,12.310488732107345,1.1356493590149,16.819093368562335,0.9710903890883796,16.62421075561989,1.1533785407604689,18.289654619941395,1.301182935484551,19.515055759730725,0.722547618880308,16.922818132628755,0.9092297638204728,18.673550563218956,0.822058226229209,18.525118511387355
1.4011185394955974,6.239396066251135,1.1580200552327011,6.290623511141407,1.0824277091077743,7.051928295867386,0.8720832847294931,6.2557584377437525,0.8711689516327378,7.254580870933967,0.9768898227072457,9.165607875930208,0.7355728811653678,7.442063426254508,0.6388644269080229,7.378868783685975,0.6448936454285454,8.133277210537782,0.5276653994532947,7.522718348359533,0.6529508738150618,9.611193265264534,0.7244388540268575,10.85047762935063,0.7886251554737295,12.081250254730971,0.6854768915092019,11.690206103705371,0.7484629709009395,12.568113444876218,0.6519297012796279,12.518241267119677,1.1552142902316822,16.958455873569115,0.9935601200222056,16.739402559255698,1.1774144630973882,18.407124877904813,1.3232847294932788,19.598437743751184,0.7383220783236243,17.070327390781905,0.931400423029085,18.77717891600554,0.8438294672784895,18.689499743512265
1.417103398521038,6.2587021954881585,1.179892298575146,6.306517599274807,1.1023125355744976,7.151703640720415,0.8645578924438012,6.074565833022971,0.8873371888475853,7.426224430281012,0.9973752520958209,9.308324116171377,0.7463615985158848,7.673946327306458,0.6566147835313793,7.404746358225525,0.6577700323947523,8.355298614966236,0.5490518386305663,8.006695102841041,0.6705536621529511,9.8227766729676,0.7375334734060867,11.065386635934985,0.8091902717364571,12.247394435972932,0.7039475219068635,11.775116895163276,0.758635344712488,12.886064072744137,0.6744840380304552,12.73467081731749,1.1932613293794403,17.186103564828155,1.0063060847323042,16.744898002206497,1.2089507894903275,18.591532110156216,1.3446944985137765,19.707455290323033,0.8517666734594925,17.815765633454433,0.953541568580604,18.87213025360664,0.8554653249664458,18.796260085589605
1.4345049786728694,6.326281911641734,1.2016770503207854,6.403598248856346,1.1233992237439714,7.3375535989094,0.8914827801864983,6.354119193012291,0.9056054867293949,7.451649462078464,1.0198115342182743,9.490045605627271,0.7596039548300505,7.901744538216674,0.6697480798555236,7.600480932069399,0.6738214564287069,8.530780917312573,0.5536315149641269,8.207665399453296,0.6924460497375392,9.997320441018362,0.7603589422867464,11.25461994139431,0.8298714750504191,12.447668210277783,0.7253036041796962,12.173805083376081,0.7811503299205239,13.09092426936131,0.6968514549530241,12.896145938007265,1.221073032247184,17.344562389762977,1.0937707913173633,17.3358853745775,1.2275566908163338,18.71621255454756,1.3674194523108492,19.744955343025993,0.8739176568967092,17.913609309450695,0.9712691575256313,18.967677767081028,0.8752182253859614,18.83052189983627
1.4563952581390938,6.347478620166262,1.2245025192014447,6.592831554315671,1.1172006998952968,7.118823951035438,0.8970976831779182,6.553991581580668,0.908049217536734,7.635560864890696,1.0423166815406129,9.692013463849284,0.780042977506377,8.061362659602127,0.6882787213559417,7.703034987737778,0.6878570976831778,8.8008958097634,0.5750946896498416,8.332384211598866,0.7112285411118217,10.173918359602832,0.7828640896090847,11.456587799616324,0.8517337868130171,12.689733323026974,0.720944437026991,11.961300849571701,0.8035964499286753,13.275538097212365,0.7193959538181537,13.109683149809918,1.237720702425039,17.428068331143237,1.153197523663629,17.701890138925002,1.2513658498879185,18.767014412502547,1.3893966331007377,19.791701040707768,0.8962063707336955,18.051945722979195,1.0531997442149716,19.413088435565363,0.9123070544667514,19.043728558679476
1.4785855931191016,6.456891649743163,1.2459502343524913,6.713005263268851,1.1397255229890306,7.32657648604777,0.9165399687530013,6.7463871770187005,0.9260761592894234,7.768209012908713,1.0646053953775994,9.830349877377781,0.7969834231625993,8.124035500713248,0.6923465465507669,7.982611958652772,0.6897071823592656,8.657547977260432,0.5959998454046533,8.369409094422624,0.7243950051648901,10.379404245750386,0.8053987505885164,11.667232673023815,0.8474635822552651,12.808838637593372,0.845688335781093,13.088734356004977,0.8260130562797333,13.451474909877938,0.7326141370417479,13.25401083572839,1.2803817099650754,17.675859093368565,1.175269804015263,17.776595107759984,1.2735758606393222,18.882212118869766,1.4115836887855129,19.90014995748628,0.9184163814850991,18.16714342934641,1.0757950065703024,19.534641022577947,0.9326596723984063,19.14739823058599
1.4896436577259022,6.729780825960775,1.2679067087353397,6.90639055000808,1.1459838939757003,7.562901192492289,0.909666565945456,6.507424933418594,0.94165262425601,7.969507894903273,1.0850721327833486,9.96757067466815,0.8013632498752697,8.342613645147464,0.7067690275249988,8.06100318325873,0.7069195471761754,8.907074142522857,0.605253262313168,8.524095483707757,0.747010898971941,10.537567934114275,0.8219873934521845,11.73338458403311,0.8747637150667221,12.816895865979891,0.8671314833423515,13.245747011742221,0.8466534323680494,13.639745479842876,0.7530356201732874,13.37792687640102,1.3024638282024075,17.753456400598708,1.2058479203412342,17.94656130759555,1.2994514676017341,19.00600420218261,1.4336362933657516,19.969070249530944,0.9406559058935965,18.291018150899113,1.0977410809025558,19.64860505807866,0.9548795210355078,19.265488275348368
1.5082822348865483,6.634977056645141,1.2847703907748742,7.206131251449332,1.1683795948196507,7.73269178606815,0.9341510958701961,6.934967640383116,0.9667176456534113,8.099351458466556,1.1056943087831241,10.150490418602038,0.8179357586063932,8.510931212097791,0.7172699867188542,8.208285186252258,0.7311939398624102,9.094654683184944,0.6096189224704336,8.631599569943853,0.7695750736084662,10.756889822707247,0.9253048690507143,12.708722410000917,0.8971409698749887,12.981263325064827,0.8970347207094523,13.484571524942556,0.8707938002581276,13.787922730434904,0.7736322176702483,13.553326540507491,1.3246541631824158,17.862869430175607,1.2270898831399721,18.04442564315178,1.321553261610462,19.08938618620307,1.4556692221745946,20.03220586478529,0.9627734405194405,18.379027876351834,1.1201658386446205,19.75057474333659,0.9771879106438895,19.409609365667187
1.509199125833585,6.90454299507403,1.289781809749345,7.07585206630735,1.1866374809390967,7.755055759730723,0.9544494086727989,7.0583079679847085,0.9838724856695863,8.30280830751953,1.128042049934297,10.306180862501494,0.8350707976417183,8.630814506665168,0.7340184505074497,8.61299469712408,0.7508272831400998,9.278427854759588,0.6316026618507874,8.6802734932224,0.791665905401702,10.913412551736739,0.9457361900679516,12.835530789068702,0.9196067656545356,13.1716618297062,0.9176529615549484,13.666334333518378,0.893272713218605,13.982177686269829,0.7941442093502079,13.703852094415595,1.346824822391028,17.966497782962186,1.2400424434497248,18.11066019240094,1.3436550556191897,19.17276817022353,1.477731664640531,20.104018495225116,0.9814201690710928,18.515711525083095,1.1421987674534635,19.813710358590935,0.9993487319668043,19.510345380058606
1.5231433450216785,6.727779800009838,1.3052056469463906,7.3340965658751855,1.1899179239250355,7.917687815778564,0.9765573916059836,7.318451644555914,1.0034919575284422,8.433908240634684,1.1503897910854701,10.46187130640095,0.8553889829734308,8.72436099418862,0.7357012655737244,8.281626624129522,0.7707398792750885,9.388797234148706,0.6518504360291482,8.905846374387767,0.8108312310708538,11.126200116649217,0.970039702895852,13.031672651380468,0.9420135341198957,13.344706303976615,0.9399219996205389,13.798886070256557,0.9137984779385414,14.136752513931146,0.8165116262727766,13.86532721510537,1.3689954815996401,18.070126135748765,1.2733181080340392,18.271887398371128,1.363928970465262,19.253299134968767,1.50344002754608,20.178640825820235,1.0084475956910062,18.657411314973967,1.1643300751192842,19.905769357796874,1.0215390669468123,19.61975840963551
1.5331927452620038,7.0095761979382605,1.3236944774325932,7.424358183364136,1.2011080270120233,7.733032668807578,0.9699098428046405,7.113493784564358,1.0150642624747905,8.628893167588384,1.1727768837794348,10.629131103881047,0.8614727314889642,8.909346694119053,0.7516583161755922,8.518454046533199,0.7913256550977817,9.534288053293233,0.6674866778631176,9.073810564483827,0.8331691343363291,11.278998222153515,0.9849381969966341,13.13546628064677,0.9646462928738572,13.507828286732206,0.962318930200201,13.969038206131817,0.9380567364922315,14.31958961962518,0.8352773932413725,14.037008158418072,1.3911563029225547,18.17086215014019,1.3047462176843023,18.424478908275773,1.3882576682805485,19.349936292663045,1.523656882655105,20.242396227873545,1.0295451383277001,18.766270668343793,1.1846276008910315,19.993241934690495,1.0437687534696116,19.740740792793048
1.554768999416754,7.15226764670747,1.3392626364128257,7.511215105370782,1.213183703776577,8.07600891031362,0.9968262980738828,7.3905679973578255,1.0314340123816819,8.630690549305376,1.1677457890335683,10.75362561223271,0.88340137870941,8.941823522384704,0.7554636103635098,8.746301446871902,0.8117368787199507,9.636096889120001,0.6847961098189127,9.173692650396678,0.8536732557077303,11.427209905345487,1.0296435171846783,13.449739506840842,0.9868073952792203,13.685010575727123,0.9772469379580767,14.0815088505836,0.9566700162325116,14.4464393178129,0.8539546192386883,14.18265805617433,1.41326793481698,18.257136472555818,1.3257807978525302,18.514827295916575,1.4110729057600824,19.42925247528231,1.5478911367676926,20.31126693697429,1.0518043385075928,18.895930066686812,1.2085336631367398,20.072533325837803,1.0658410338212456,19.81544576162803
1.5767595409923616,7.141850506299761,1.4566753099519585,8.271025974360597,1.229544435621579,8.075154981835048,1.0035486659124286,7.534216869163149,1.0357587469344445,8.833071598726697,1.1950164081879318,10.753005825433746,0.8843060706781817,9.100893870294506,0.7623580006605438,8.813252194199864,0.8213282551104305,9.757779729739227,0.6898808913124442,9.395891136767693,0.8742875613989473,11.607815778563248,1.0520502856500382,13.622783981111262,1.0053911613624065,13.80318325872937,1.0163210523726876,14.343843943024591,0.9742222097296692,14.643147842340856,0.8762236573042789,14.315209792912505,1.4353598909400103,18.337626118181117,1.3455326863752313,18.57933706704519,1.4320425558827043,19.500511429515065,1.5695191382012128,20.36226299479295,1.0740537008017879,19.02269712663467,1.2294647487474264,20.193545222652435,1.087969062191834,19.90654064803559
1.5840123114112448,7.339619554905946,1.4743134209842101,8.331782132994162,1.3643342913560121,8.973124633874143,1.0145462977928004,7.407520641992312,1.0508244850920896,8.986034980710718,1.2173543114534073,10.905803930938045,0.9045463680634122,9.125723119734097,0.777247640664198,8.736260900728707,0.8334977197186365,9.771965960915487,0.7051408574420092,9.45323026976888,0.8968123844926813,11.815568313575582,1.0742209448586508,13.72641233389784,1.093599612106221,14.434649595592628,1.0498328262137493,14.574487270478613,0.9933397513825742,14.714614179204116,0.898561560569754,14.468007898416804,1.4575305501486224,18.441254470967696,1.367822412109032,18.68742552369174,1.4539591165578645,19.605798449830296,1.5915520670100558,20.425398610047292,1.096234197896098,19.12921781781641,1.2279831631613343,20.4452317876141,1.105809271504564,20.035198549614567
1.6068470279044602,7.415753476638535,1.4926557372441271,8.455332204318832,1.3853283394351648,8.973804521211184,1.0231737300343626,7.698894811920706,1.0482981160448888,8.777827935379147,1.221295368463955,10.995383782948135,0.9126132094696678,9.298101765900482,0.7834691195795006,8.961739338191375,0.8453700801787686,10.055167208921558,0.7076691940663496,9.662015782779484,0.9191601256438545,11.971258757475038,1.096608037552615,13.893672131377937,1.1357529847442502,14.711377514809534,1.0925897531393396,14.850478332056756,1.0237230775717285,14.91640298790643,0.9210076805779056,14.652621726267856,1.4796323441573502,18.524636454988162,1.3896058521365782,18.78412052815392,1.4672149648295587,19.684836023526604,1.6135456442761074,20.476964871720998,1.118473722304595,19.253092539369113,1.252737251154195,20.23929729387873,1.12870709100747,20.123521119832475
1.628297694421216,7.479522159837536,1.5129862199329618,8.552494114836236,1.4022922976382048,9.150299141995827,1.0464072744137676,7.687375041283984,1.068684182787916,9.06951337601102,1.2433184593870998,11.05562705980732,0.9190427268745273,9.501592004141282,0.8034547843746266,8.957524787958429,0.8648382721861892,10.166088386375936,0.7295397977611783,9.677427814513692,0.9416160835377038,12.158764923721254,1.1114278285678147,13.974327053482966,1.1522924381794288,14.76306773384303,1.2189490327250239,15.651015621157075,1.0535102278875952,15.121097908043879,0.9432373671007049,14.773604109425396,1.5017833275945667,18.62248013098442,1.4136830935934284,18.91373860737701,1.4872527704188832,19.695950866788003,1.6355293836564613,20.525638794999544,1.1406443815132072,19.356720892155693,1.274809531505829,20.31400226271371,1.1527056293787377,20.230000491894284
1.648188283078134,7.542809770425912,1.532446892984885,8.623022901192492,1.4209744425783692,9.297395208949665,1.0471156021840105,7.895623405735487,1.0884111111891897,9.167412144167189,1.2655678216812944,11.182394119755179,0.9242108961611165,9.179821653186421,0.8040627657107521,9.136271300779303,0.8809114098392913,10.347954492751589,0.742710168860281,9.914607826740781,0.9639835004602725,12.32024004441103,1.141224816769379,14.181914312015575,1.2173848088990704,15.191133816326673,1.2410655835622988,15.738736112770276,1.0758382932673727,15.271003675153015,0.963688363889338,14.906197165283508,1.5237867427463163,18.676938731053287,1.4423691877419946,19.00854119614636,1.5092266719135394,19.741732451671385,1.657621339779491,20.606128440624847,1.1628347164932156,19.46613392173259,1.296891649743161,20.391599569943853,1.176664816207214,20.324910510375457
1.6607871713970503,7.638701118005439,1.5549118455170863,8.584082582023374,1.4299352807662307,9.437336181635478,1.0651681224395149,7.857609815399103,1.2294398261036585,10.182581601748335,1.28790572494677,11.335192225259474,0.9342835793975935,9.706039009559147,0.8258202337200559,9.118421440969174,0.8957546712389414,10.511873344248702,0.7576613940284035,9.92699529889605,0.9872328838356511,12.47374057495415,1.1635036927206674,14.31735838714891,1.2162308249067157,15.386407977119887,1.2578214704828294,15.854057776497292,1.0950674246523362,15.40073193869592,0.977977696107711,15.044715382939703,1.5457999957837631,18.73428966951731,1.463252264470476,19.054347572501705,1.5294887812967741,19.81879261034243,1.6795558897313558,20.640340671927593,1.1850053757018277,19.569762274519178,1.3189442543233998,20.46051986198852,1.198746934444546,20.4025078176056
1.6827217213489147,7.672913349308185,1.5763581552558903,8.703843099777243,1.460822025620665,9.5580391688392,1.070333855678217,8.078153569395743,1.249849831701884,10.30312324762661,1.291886133500109,11.436341430850204,0.9519438959432774,9.849687225505422,0.8246751038248293,9.316298706318033,0.9064251231492478,10.74716802406066,0.7656714005635704,10.143755402053309,1.008728172191108,12.646082624185741,1.1802005523270114,14.415326020504967,1.2990264709395882,15.673782456238982,1.2887124315739915,16.026909428208032,1.111138594728299,15.49292866830163,0.9990772063215444,15.15415320398856,1.5678526003640019,18.803209961561976,1.5259707533712326,19.319037854778752,1.5692661077810648,19.96714477854217,1.6977313835580823,20.638481311530708,1.2071170075962532,19.656036596934797,1.3420017989276705,20.557619793826024,1.2208585663389715,20.488782140021222
1.7015120830317558,7.851825138608783,1.5990131195232844,8.720766230754638,1.4819809754029434,9.593315859374451,1.0975652638310134,8.295096657226981,1.2670562937873755,10.417277646215577,1.3138797107661606,11.48790769252391,0.9733739029000682,9.964654725347314,0.853291545742655,9.354987175613287,0.9183239053595397,10.834500902977366,0.7784370410450646,10.155035521794431,1.0310365617994899,12.790203714504557,1.2080516067375462,14.585354199020426,1.3211085891769203,15.751379763469124,1.3373745493896996,16.257208429662633,1.1409828047812125,15.714399151131008,1.021395433815624,15.301166632702536,1.586397014904397,18.90981329098358,1.5554037398019775,19.41960859269045,1.5901058978124758,20.000224865958806,,,1.229208963719283,19.736526242560103,1.3630789771409701,20.607037461263324,1.2429308466906055,20.563487108856204
1.7201450385434311,7.984459513586822,1.621276254857456,8.85158256445572,1.504351671620745,9.755755092862612,1.0893929321818323,8.030612970549587,1.288415608508366,10.49237071964134,1.332001752080596,11.64851511169514,0.9844541730203012,9.785890504332185,0.8590624494929976,9.537087423668549,1.0251874468578497,11.605109376207777,0.7862719332148101,10.320312001517847,1.0531531126367644,12.877924206117761,1.2267042380206177,14.723773250788788,1.3397513825742937,15.88690647684232,1.3745224057846768,16.4877691188768,1.163184945224058,15.827282986782098,1.0400136324987526,15.42946250008784,1.608370916399053,18.955594875866968,1.5774268307251225,19.479851869549634,1.612069961421434,20.043114112447032,,,1.2513697850421974,19.837262256951522,1.3851119059498127,20.67017307651767,1.2649932891565419,20.63529973929603
1.7407852038199105,8.019940832144592,1.6436560394077593,8.940330131335774,1.523155150484516,9.938523333356757,1.1152134469843369,8.316389777031349,1.2999807458522774,10.608884735114929,1.3546144602865637,11.703924051522414,0.9926058451095167,10.044300280379744,0.8823290491683472,9.6956495464032,1.0432158642933937,11.738191374985067,0.7959799588214213,10.501744257134224,1.071977906919547,13.066959179801415,1.246936833746759,14.79215639427435,1.4506341922744492,16.413725255960706,1.3968242368025936,16.62996198359884,1.2188398321937783,16.153456119516257,1.1550785274090525,16.116723421897728,1.6303743315508021,19.01005347593583,1.5995286247338503,19.5632338535701,1.6340733765731836,20.0975727125159,,,1.273579795793601,19.952459963318745,1.4015529805280136,20.69293991159957,1.2852927825054286,20.72335078386868
1.764912009481848,8.138676242208746,1.6583814804144095,9.06960978729086,1.5355174376523992,9.83121757889633,1.1272631704694782,8.473553936208338,1.320012648710183,10.618264175339231,1.373149036941261,11.807635042548856,1.1049010941134307,10.910012578439572,0.9021438626818544,9.997568355737949,1.057796266756613,11.926647880989693,0.8105833163512689,10.518767734545735,1.0943322066611856,13.224577849297646,1.2729914902288715,14.968589036379097,1.4914427259375858,16.651434152922906,1.4189227515160887,16.712379854820917,1.3060271104021588,16.662879549143753,1.177357403360341,16.252167497031067,1.6524269361310409,19.078973767980493,1.615999212969144,19.59467770383748,1.656086629610631,20.154923650979924,,,1.2956914276880265,20.038734285734364,,,,
1.7828782842727349,8.253488303456614,1.6878275840260848,9.174036976396103,1.5435766336160555,10.062439374029386,1.1468427413971205,8.617220516207917,1.3224563795175222,10.802175578151463,1.3811885571335214,12.033072160891596,1.121279487305614,11.097623813305038,0.8953701504493806,9.787915141208796,1.0759465100100485,12.095546670227048,0.8167162542952912,10.718215126451968,1.116771768078872,13.40726345155193,1.3156328219975126,15.210595121814105,1.5170773047004014,16.70436394555433,1.440189309029071,16.817475036365042,1.3280797149823975,16.73179984118842,1.1996362793116293,16.387611572164406,1.6744598649398839,19.14210938323484,1.6581289746814987,19.686282192724182,1.67809004476238,20.20938225104879,,,1.3177833838110566,20.119223931359667,,,,
1.8063032739078193,8.19134434708061,1.705729163006739,9.32073756034489,1.571329309169612,10.203544168593254,1.160521583618515,8.763345583843382,1.3521090787288514,10.907947934161122,1.502812370438559,12.510473272572678,1.135581805533108,11.1865053721883,0.9211296703605586,10.169147879392632,1.0976464263880201,12.328049358077958,0.8281852614418125,10.882830500256489,1.1391982123156277,13.586092602612663,1.3378821842917077,15.337362181761964,1.5299019724960825,16.73299809566641,1.4590455845460872,16.97758367473139,1.3503257979813599,16.857602788337893,1.2216518934416438,16.55256576275236,1.6962864792315209,19.220952166794326,1.6801127140618526,19.73495611600273,1.700122973571223,20.272517866303136,,,1.3398261505055973,20.185251885009173,,,,
1.9175579556873523,8.827493517536032,1.728434441032416,9.352452936257528,1.5934960332239454,10.306015586021772,1.1809806966628487,8.764688455241133,1.3732991349687649,11.011763862635009,1.5249731917614735,12.611209286964097,1.1458938773215657,11.354618114358397,0.9394045268328334,10.261294525216611,1.1036185149008833,12.2129342899506,0.8577972973922577,10.976647857566155,1.1615066019240095,13.730213692931478,1.3898104801590927,15.63700843950052,1.5631727181375479,16.892779132439024,1.4813838813269902,17.008315655589676,1.3706935006710843,16.96570737911698,1.2181157638064186,16.65330728635977,1.7185158846718713,19.265488275348368,1.7023030490418605,19.84436914557963,1.722096875065879,20.31829945118652,,,1.361967296057116,20.280203222610275,,,,
1.9391197903124935,8.904854715509428,1.7506247760124243,9.461865965834429,1.6149063644093409,10.415198409073342,1.1975742584693658,8.832286535448011,1.3837311586921235,11.17696065548427,1.5470159584560141,12.677237240613604,1.1649462078464166,11.457821470482832,0.9485331009718426,10.450549867539898,1.1187129796847661,12.481252390957575,0.8779880821041833,11.092132502266228,1.1744985137765536,13.808017595761278,1.4119417878249139,15.729067438706462,1.5798302262011004,16.97917741221444,1.5020528856626871,17.098093839375434,1.420605029970416,17.206969720393236,1.2424271469428771,16.67358120120585,1.740529137709319,19.322839213812394,1.7243359778507035,19.907504760833973,1.7441002902176286,20.37275805125539,,,1.38403957640875,20.354908191445254,,,,
1.9581238870891804,9.100786440582684,1.753728825707801,9.6260929399116,1.6379003141096362,10.531783257323955,1.3671780961817293,10.052178459246559,1.4018923875845881,11.170907404414402,1.5690587251505548,12.743265194263106,1.177681561694084,11.536560956242491,0.9696784557330279,10.46655689460111,1.13762152716779,12.588001714602939,0.8894017511436544,11.240478472597976,1.306314376664535,14.6091540121006,1.4341124470335265,15.832695791493041,1.616589486111014,17.09549073481979,1.5389646328009166,17.259238407105762,1.442756013407633,17.304813396389495,1.2997780854069023,16.963848018720093,1.760698770966994,19.372711391568934,1.7463098793453593,19.95328634571736,1.7661135432550754,20.43010898971941,,,1.4060823431032907,20.42093614509476,,,,
1.9591859852291176,8.771588748269588,1.7739356461734141,9.633443611347298,1.6495125608719179,10.631601987252912,1.390407311891427,10.170052726382632,1.4160766511837086,11.331989993464834,1.5912588980162607,12.855570562235165,1.1976608318635065,11.53046638605269,0.9910711349406566,10.66218639982573,1.1615026667697306,12.65996584848251,0.9078147947746774,11.461186027391486,1.3284751979874496,14.709890026492022,1.4565192154988864,16.005740265763457,1.6294338296780904,17.129909561722194,1.5629041438579971,17.348363748796615,1.4606140246087684,17.438705053159723,1.321988096158306,17.079045725087312,1.7882409157666173,19.45192014447638,1.7664834477573135,20.00431545883196,1.788107120521127,20.481675251393117,,,1.4281152719121337,20.484071760349106,,,,
1.977564050065895,9.072260471439149,1.786254646644227,9.780684295220896,1.6693382616455974,10.687267105623759,1.4095703654774536,10.220960177644109,1.433805504999754,11.359182106291328,1.6136164770531316,13.014153344529788,1.2146961147378557,11.72793046020224,1.0018278791626556,10.884669201093413,1.1729323223734602,12.81301186870639,0.9038071212238331,11.199293639806898,1.3506950466245513,14.827980071254402,1.478512792764938,16.057306527437163,1.6669822847786833,17.26442808856908,1.5814288826269967,17.449182401427898,1.4834120598424536,17.497691048226724,1.3435763525336069,17.240538553971344,1.810204979375576,19.494809390964605,1.7903167096488577,20.06220354585509,1.8101105356728766,20.536133851461983,,,1.4501875522637682,20.55877672918409,,,,
1.9920819074254958,8.99935351036843,1.810346644929624,9.914640882036725,1.6933663136739585,10.802423492871048,1.4209537830184038,10.36041220741074,1.450321347509258,11.510839804085535,1.6357772983760461,13.114889358921207,1.2320285017602792,11.834561335703796,1.0197726199148476,11.082241164056112,1.1948144036016033,12.83179829523495,0.9237457609253233,11.501980984772358,1.3730821393185155,14.995239868734497,1.5579281412720385,16.419964443070267,1.6901867090164222,17.351256087191775,1.603790003302719,17.501897334635686,1.5056286291843222,17.61481698019072,1.366398279775415,17.30654879942659,1.8321887187559294,19.543483314243147,1.8123693142290964,20.131123837899754,1.83209427505323,20.584807774740526,,,1.4722204810726107,20.621912344438435,,,,
2.000550359434181,9.172714764558316,1.8324484389383517,9.998022866057187,1.71535989094001,10.853989754544752,1.4376753357178496,10.358730519229555,1.4690858496068362,11.52942160259158,1.6579184439275654,13.20984069652231,1.2430174200847466,11.929303323097248,1.0228927600188324,10.930471445536762,1.195368604495914,12.994733358162282,1.0444765190749576,12.388823880764825,1.3953019879556172,15.11332991349688,1.5783397865178803,16.540988145347736,1.6995228625436556,17.423357951471115,1.6256127948730565,17.610161692678506,1.527635323631304,17.67023969305797,1.3885000737841429,17.389930783447056,1.8542118096790743,19.603726591102337,1.83435305360945,20.179797761178296,1.8540091492336992,20.613235329252955,,,1.49422389622436,20.6763709445073,,,,
2.015153716964029,9.189738241969827,1.85450104351859,10.066943158101852,1.7374911986058312,10.946048753750695,1.4632778429732904,10.509140379601849,1.4857450441650797,11.692679348169802,1.6799907242791994,13.284545665357292,1.2614929694252566,11.988933011025459,1.0343978394129127,11.105692060123538,1.217432621023562,12.960099671836243,1.0608709339667057,12.581145495302412,1.4175316744784165,15.23431229665442,1.6004022289838167,16.612800775787562,1.7195508302472824,17.431580456337354,1.647547344824921,17.644373923981252,1.5496584145544494,17.73048296991715,1.4106510572213593,17.48777445944332,1.8761857111737306,19.649508175985723,1.8563367929898038,20.228471684456846,1.870391196497713,20.618648133963895,,,1.5070584019057391,20.70789743301454,,,,
,,1.8766421890701093,10.161894495702954,1.7594965813347203,11.001085821498592,1.4853717666734596,10.590208492906182,1.5075340636792287,11.760469267147785,1.7021810592592073,13.393958694934195,1.2771811178180505,12.16155166880992,1.1370641289606271,11.889581187151721,1.2333776038189734,13.181500371263066,1.0766678237894132,12.628340194087432,1.4397711988869135,15.358187018207119,1.620567927087213,16.661516018186035,1.7434805034186653,17.517813459633047,1.6695310842052749,17.6930478472598,1.5718389116487597,17.837003661098894,1.4328512300870653,17.600079827415378,1.8980710716971059,19.669258715312672,1.8764867504760834,20.272559185423066,,,,,,,,,,
,,1.8987538209645347,10.248168818118577,1.7810671295157654,11.106463350362247,1.4995161868355038,10.739577111456217,1.5281842776532426,11.817995811871517,1.7243910700106109,13.509156401301414,1.2981691694716355,12.290826733751683,1.1590530332309728,11.939773588087727,1.2525845671681646,13.245317292894939,1.1034925899639512,12.710457813038008,1.462010723295411,15.482061739759814,1.6444352936491766,16.729430878312385,1.7636658772934575,17.572313378821846,1.6916427160997003,17.77932216967542,1.592749534457195,17.890908584960684,1.4550415650670736,17.70949285699228,1.9200548110774598,19.71793263859122,1.9002944338648136,20.322927192618774,,,,,,,,,,
,,1.9226785751930686,10.332955652216688,1.8055900271947274,11.188922540704251,1.5170659911318487,10.821037756399896,1.5429155276971618,12.00625605205647,1.746433836705152,13.575184354950917,1.3207426198289616,12.43651204789645,1.175755795568735,12.146385715389965,1.2512625520880913,13.391190313898825,1.1076205668027574,12.854992094556138,1.4841518688469297,15.577013077360917,1.664791190876064,16.83406466301728,1.785649616673811,17.620987302100392,1.700998545398329,17.85720871074508,1.6155647719367283,17.970224767579953,1.4770351423331252,17.761059118665987,1.942097577772,19.78396059224072,1.9222486595880741,20.362924100711844,,,,,,,,,,
,,1.9425311006017512,10.289598122369243,1.82721665132425,11.239513671147591,1.5274531822046704,10.973053749991218,1.5655915731481937,12.10574068738713,1.7685159549424836,13.65278166218106,1.3454138236348179,12.47348233045458,1.192996198359884,12.297245954169505,1.3430090344583658,13.637383403486833,1.1296338198402047,12.912343033020164,1.5062831765127505,15.669072076566863,1.691408082525807,16.90852171713268,1.8076235181684668,17.66676888698378,1.7210560267590491,17.874108230796796,1.6380065632751726,18.046656875628045,1.4991074226847592,17.835764087500966,1.964130506580843,19.847096207495063,1.9442471557969743,20.415936531583128,,,,,,,,,,
,,1.9644295783060568,10.313205112889738,1.8459165044586703,11.284906856303627,1.545362069328986,11.045539291812771,1.5833133296324147,12.123209821020751,1.7906177489512114,13.736163646201522,1.3676627163935589,12.575813826317876,1.1963504254885566,12.214297820908321,1.3652452795716306,13.760294012241143,1.1513799196260357,13.069332733690779,1.528355456864385,15.743777045401842,1.7144587406100897,17.00359701209357,1.8296466090916121,17.72701216384296,1.7430692797964968,17.931459169260826,1.660069005741109,18.11846950606787,1.5212092166934865,17.91914607152143,1.9861142459611965,19.89577013077361,1.9649990513467364,20.484266550485923,,,,,,,,,,
,,1.9866297511717628,10.4255104808618,1.8572290892225962,11.403534049625108,1.5561596829389979,11.196037693156347,1.5965044586703394,12.259583576352533,1.8127490566170321,13.828222645407465,1.3904164939180785,12.60790375736963,1.2170257260711002,12.41283619217607,1.3748844399783566,13.921479899091402,1.169450202730716,13.259268693739592,1.5505949812728819,15.867651766954545,1.7322594109917295,17.069721377022915,1.851709051557548,17.798824794282783,1.7639995783763274,17.991148769912936,1.6821412860927434,18.19317447490285,1.543320848587912,18.00542039393705,2.008078309570155,19.938659377261835,1.9892336427582622,20.492145516383594,,,,,,,,,,
,,1.9835888607025658,10.600579592008827,1.8742082961484678,11.406329976740428,1.5796397928422357,11.195917277435406,1.6176416479863955,12.32664450800031,1.834732795997386,13.87689656868601,1.4024006127597382,12.817052878635629,1.2185092792343313,12.31445536762071,1.3894287701940171,13.921149346131955,1.1892415692833103,13.331566823838603,1.572686937395912,15.948141412579844,1.7989937248343373,17.267791464931456,1.8736829530522043,17.84460637916617,1.787095785871391,18.046161046188875,1.6998601614818671,18.28616020294153,1.5653734531681507,18.074340685981714,2.024598087233938,19.984564919505015,2.0102032928808846,20.563404470616344,,,,,,,,,,
,,2.0087118694090944,10.503107788091944,1.8850398083017703,11.561703640720417,1.5991039091541528,11.267458382229968,1.6418973065274374,12.394171755430161,1.856893617320301,13.977632583077433,1.4259255771754806,12.89121059868219,1.2383293396202109,12.499128878644996,1.3964958153850477,14.127951541385876,1.211359103909154,13.419576549291321,1.59487727237592,16.057554442156746,1.8209479505575974,17.30778837302452,1.8956863682039535,17.899064979235035,1.8104638563106525,18.120010118968146,1.7225120338423268,18.302174313280442,1.5838883540514521,18.17226700021784,,,2.0302883203215587,20.588402538174513,,,,,,,,,,
,,2.0287299992270236,10.508437954563023,1.9048906940628365,11.51786405447378,1.6044151025599587,11.37804015262777,1.6644671965070823,12.462446682173052,1.879005249214726,14.063906905493056,1.4422015501697034,12.972346658983746,1.2580424012873577,12.55901143302859,1.4168174439767545,14.184328529165818,1.2328883329702687,13.563715347804393,1.615066581404991,16.11321129670361,1.8430399066806276,17.388278018649824,1.9176504318129117,17.94195422572326,1.8311321298319836,18.163755261512083,1.7445449626511698,18.36530992853479,1.6058327418890146,18.20937156991575,,,,,,,,,,,,,,
,,2.043215302128497,10.490753371232618,1.9320039070460346,11.47096685335226,1.62636539312894,11.416880125362772,1.686208268040223,12.43977625837099,1.9010775295663604,14.138611874328038,1.4674245117949223,13.06462464952532,1.2759900777895679,12.642901051951064,1.4338653755612865,14.309147687745508,1.249652090199358,13.719532700429355,1.6389726436506988,16.192502687850915,1.8650531597180744,17.445628957113847,1.939624333307568,17.987735810606644,1.8531355449837323,18.21821386158095,1.7666172430028042,18.440014897369775,1.6278656706978576,18.272507185170088,,,,,,,,,,,,,,
,,,,1.9540106014930165,11.526389566219512,1.6485985931823453,11.46253185015495,1.6757820767776708,12.5817487544534,1.9231202962609006,14.204639827977541,1.481426380993205,13.172083284729492,1.3001361844463029,12.79276549994027,1.4566254646644228,14.433341156794818,1.2695476680697366,13.803378048866186,1.6611629786307067,16.301915717427814,1.856523712818063,17.610698841237607,1.9598333181080343,18.049177341943828,1.8751192843640863,18.26688778485949,1.7888010193923467,18.547499701349896,1.649928113163794,18.344319815609914,,,,,,,,,,,,,,
,,,,1.9761533866921517,11.621822960219808,1.666520691181741,11.462537752886368,1.7065805617432734,12.54923060706782,1.9452122523839308,14.285129473602847,1.501376039126677,13.157282775970263,1.3126150505597054,12.987006682735217,1.4768069033849356,14.486684140625549,1.2756870709100747,13.979271574834687,1.6831959074395502,16.36505133268216,1.8871352779554065,17.52322626434399,1.9836410014967645,18.099545349139536,1.9081096502631638,18.344237177370054,1.8107224521632812,18.577855481459103,1.6719708798583346,18.410347769259417,,,,,,,,,,,,,,
,,,,1.9979413521471185,11.68930298579831,1.67484708412095,11.665406367922873,1.709800698489885,12.747587174207876,1.9672746948498667,14.35694210404267,1.5222216756730167,13.253172647866936,1.3332607391062985,13.0164754790699,1.4944789434110763,14.604082090129086,1.2984927656404817,14.04687309830156,1.7054157560766514,16.48314137744454,1.9090895036786666,17.563223172437056,2.00561490299142,18.145326934022926,1.9301425790720068,18.407372792624397,1.8326373263437503,18.606283035971526,1.693257113142713,18.521227627593863,,,,,,,,,,,,,,
,,,,2.0201061086243124,11.71483229918416,1.6922979192871752,11.557406452247607,1.7310906701708282,12.806111575677939,1.9893863267442926,14.443216426458292,1.5279446267576438,13.377902084929062,1.3343070966291188,13.217195499870002,1.5171481374774256,14.587006963817661,1.3174403695297259,14.13837773264843,1.7275175500853792,16.566523361465006,1.9319724258118018,17.608984097760477,2.0286638886351342,18.1864559860021,1.9521000840904992,18.448333813515852,1.8545620384099166,18.637602928879115,1.7070547478339084,18.568641317714523,,,,,,,,,,,,,,
,,,,2.049175585178523,11.842167497031067,1.6966128159542402,11.756895163273768,1.7553863126901703,12.923575930909937,2.011507796524416,14.532383087269071,1.5491389741896042,13.377767502652716,1.3547065428966953,13.227723611628381,1.5391181038178026,14.70799524970662,1.3308095877223187,14.250746063088958,1.7495406410085241,16.626766638324188,1.952968441468094,17.63453997343771,2.0457888930270474,18.196480004497317,1.9741002199470161,18.50182830078633,1.876467074704688,18.663138144996385,1.7271122291946286,18.58554083776624,,,,,,,,,,,,,,
,,,,,,1.7172141918528254,11.78097240473062,1.7784187706859118,12.975118581657966,2.034332534590709,14.599219715122942,1.5589329173313096,13.508095877223187,1.3716353142618893,13.322600574813606,1.550956172219216,14.828387359722289,1.347845207895606,14.310854757671795,1.7715538940459714,16.68411757678821,1.9731380747257692,17.684412151194252,,,1.9961233108701615,18.562071577645515,1.8985262378753918,18.73398666263782,1.7490959685749825,18.634214761044785,,,,,,,,,,,,,,
,,,,,,1.7393087479885039,11.881317363165552,1.794493088885298,13.058059041368313,2.049873583168783,14.58646981525856,1.571773588087726,13.434525806882302,1.3944767861032838,13.480902387092694,1.5737262116410298,14.863869858826344,1.3580599689403896,14.47326723211086,1.793636012283303,16.761714884018353,1.99809954534914,17.753266332647026,,,2.01803818505063,18.59049913215794,1.920572283865165,18.80097872908571,1.7710501942982426,18.67421166913785,,,,,,,,,,,,,,
,,,,,,1.7555392918127715,11.975824520227395,1.8168608009444371,13.1661663867554,,,1.593696726092181,13.572292016555757,1.4170771641591768,13.603958990070765,1.5938740891171905,14.922618564090321,1.3768181747911208,14.489997934044005,1.8157378062920309,16.845096868038816,2.0189491732662486,17.789238758458826,,,2.0398841940312145,18.59868031790425,1.9418907010898976,18.8831388477025,1.793073285221388,18.734454945997037,,,,,,,,,,,,,,
,,,,,,1.7757640172303542,12.041893792996833,1.8379309833279072,13.21352728022281,,,1.5978758599366163,13.731866457728714,1.4348089693409323,13.721109713506717,1.6042070312774497,15.058685377388326,1.3791934339140028,14.653778661625921,1.8378002487579668,16.916909498478645,2.0407361549326457,17.78006591383418,,,2.054477713675364,18.6128114569206,1.964500411083081,18.886757222062165,1.8151750792301153,18.817836930017496,,,,,,,,,,,,,,
,,,,,,1.7922193567428168,12.175763609660802,1.861565207614524,13.289261947760828,,,1.6189781247584452,13.699568678982764,1.462370789911951,13.627921325022665,1.6243427238294674,15.098578987681563,1.398488807062665,14.684194124908355,1.8598430154525079,16.982937452128148,2.055073889548652,17.718996254576375,,,2.05336800016865,18.821101140492036,1.9864743125777373,18.932538806945548,1.837168656496167,18.8694031916912,,,,,,,,,,,,,,
,,,,,,1.8154246037855422,12.23367648815589,1.883787773381961,13.331787192478238,,,1.6366499188374433,13.90598522911733,1.4673507276521884,13.844750293379807,1.6463894256782874,15.165763876689134,1.4162035599092104,14.84384661330785,1.8818661063756532,17.04318072898733,,,,,,,2.0084187004152994,18.969643376643457,1.8591622337622185,18.92096945336491,,,,,,,,,,,,,,
,,,,,,1.8363816256403411,12.223470665532968,1.8885912850386841,13.496746892282182,,,1.6341678202758825,13.71079370656398,1.4893357787506356,13.893809861777708,1.6652424219000705,15.30369628104497,1.438364381232125,14.944582627699269,1.9038793594131,17.10053166745136,,,,,,,2.029327355646595,19.022969832826213,1.8811754867996657,18.978320391828934,,,,,,,,,,,,,,
,,,,,,1.8369482878565355,12.39006935709417,1.9081158340770306,13.53514612773792,,,1.6587323650042984,13.983678947627311,1.5065960212779412,13.97923025571476,1.6870075962531712,15.347506025704991,1.4652552579985527,15.069894336422905,1.9259909913075255,17.18680598986698,,,,,,,2.049503678666545,19.11044516432783,1.9031297125229263,19.018317299922003,,,,,,,,,,,,,,
,,,,,,1.8597562631877183,12.438093443304712,1.939470862290682,13.666251695278522,,,1.6772666137294725,14.08729352737392,1.5263190145249355,14.075972088512863,1.7081787965454973,15.386384366194214,1.4862748845805198,15.132088793945481,1.9479550549164832,17.229695236355205,,,,,,,,,1.9251626413317688,19.081452915176346,,,,,,,,,,,,,,
,,,,,,1.8812507913429166,12.440129349032215,1.9596208197769611,13.710339196244739,,,1.7029752225821642,14.16198816642892,1.5488244429297224,14.201658948611101,1.7311578137407158,15.49857905795217,1.508441608634853,15.234560211374006,1.9699781458396286,17.28993851321439,,,,,,,,,1.9471168670550294,19.121449823269412,,,,,,,,,,,,,,
,,,,,,1.9032176913293095,12.400546705362352,1.9867104218344847,13.656500382974837,,,1.724053138636891,14.21162275924586,1.57191053145664,14.330059884615654,1.754597707772633,15.54772608515393,1.526227100564273,15.347131202259902,1.9919225336771915,17.327043082912294,,,,,,,,,1.9691596337495696,19.187477776918914,,,,,,,,,,,,,,
,,,,,,1.9013200334488114,12.606271652132364,2.005982348022234,13.843355773082141,,,1.7452631283071107,14.300086995017818,1.5930342147610448,14.370240957928988,1.7730708960205757,15.526479793685482,1.5483387324586988,15.433405524675525,2.0139161109432426,17.378609344586,,,,,,,,,1.9911138594728301,19.22747468501198,,,,,,,,,,,,,,
,,,,,,1.9261552839986793,12.424198950157056,2.025751087437723,13.909001524872284,,,1.767443625401421,14.406607686199557,1.6147632465959747,14.420394499216481,1.7755303674450311,15.715018937929969,1.564007954633293,15.534702298551721,2.036011346361505,17.460063103009688,,,,,,,,,2.0131271125102774,19.284825623476006,,,,,,,,,,,,,,
,,,,,,1.9289817085596637,12.720622316541004,,,,,1.7907355224971369,14.458061795976306,1.6367997826295735,14.48459063854905,1.7975239447110827,15.766585199603675,1.585899217888087,15.615582180309701,2.054282923538547,17.486452247605534,,,,,,,,,2.035061662462142,19.319037854778756,,,,,,,,,,,,,,
,,,,,,1.946601361844463,12.555345836817587,,,,,1.8108507381927805,14.446117028677435,1.6586700583948786,14.49990625900342,1.824100852382525,15.867468782280564,1.6043944429999932,15.72469351472521,,,,,,,,,,,2.0531584532032863,19.294039787220587,,,,,,,,,,,,,,
,,,,,,1.9461052513228445,12.791307525279855,,,,,1.8333692650396682,14.545109376207776,1.6575190257682335,14.696048121315183,1.845294750082568,15.91302016063862,1.6079154222912435,15.61440688089834,,,,,,,,,,,,,,,,,,,,,,,,,,
,,,,,,1.9630876906968742,12.591417428517222,,,,,1.8356595248301213,14.683900300055516,1.6755538378294816,14.65282832186751,1.8671751916630948,15.931324530767988,1.6302247956881954,15.758817205056676,,,,,,,,,,,,,,,,,,,,,,,,,,
,,,,,,1.9692652270560598,12.803976754481507,,,,,1.8596071872782085,14.69905851433872,1.703293396202108,14.79007666523783,1.8905403107366472,16.00430590202871,1.652306913925527,15.836414512286819,,,,,,,,,,,,,,,,,,,,,,,,,,
,,,,,,1.989473883927003,12.865321874538854,,,,,1.8814647206391815,14.786991504282994,1.7258940178627897,14.791023069841962,1.9114444124322767,16.041020891452987,1.6743260696943936,15.895500853787937,,,,,,,,,,,,,,,,,,,,,,,,,,
,,,,,,2.000789420056638,12.984816769378877,,,,,1.9035271631051183,14.85880413472282,1.7435641254470968,14.869671063264633,1.9350182352238474,16.09899751944739,1.7036134554168103,15.953264983451273,,,,,,,,,,,,,,,,,,,,,,,,,,
,,,,,,2.020034739235341,13.005915814529025,,,,,1.9237764832369457,14.932104253480151,1.7639065775635308,14.970351985496148,1.9551596665425222,16.14057832713781,1.7256680275741885,16.022763743174966,,,,,,,,,,,,,,,,,,,,,,,,,,
,,,,,,,,,,,,1.9467587680156284,14.982780275933528,1.7887293667915145,15.051888382159696,1.977177510593295,16.19927902351958,1.7469527851757123,16.133209750750137,,,,,,,,,,,,,,,,,,,,,,,,,,
,,,,,,,,,,,,1.9708050904031427,15.013060214887535,1.8036989888058916,15.12313907256846,1.9995716303484725,16.292241140632576,1.7592880181579265,16.285222792975752,,,,,,,,,,,,,,,,,,,,,,,,,,
,,,,,,,,,,,,1.9907006682735213,15.072608042663205,1.828156169408392,15.15064107879444,2.017469555257296,16.418776518372248,1.769478100163731,16.0738341754095,,,,,,,,,,,,,,,,,,,,,,,,,,
,,,,,,,,,,,,2.013607201332331,15.149608100796165,1.850111378920222,15.19092722072702,2.03439268623469,16.449631571180618,1.7828261434785362,16.256340728144085,,,,,,,,,,,,,,,,,,,,,,,,,,
,,,,,,,,,,,,2.030142719613231,15.2001413844716,1.8734578060109484,15.25841314903694,2.0563665877293458,16.495413156064004,1.7980197741502524,16.268722691083365,,,,,,,,,,,,,,,,,,,,,,,,,,
,,,,,,,,,,,,,,1.8940945982980462,15.292902808716367,,,1.8118538090185305,16.41592894235702,,,,,,,,,,,,,,,,,,,,,,,,,,
,,,,,,,,,,,,,,1.916068499792702,15.338684393599753,,,1.8324228604355373,16.405048240775226,,,,,,,,,,,,,,,,,,,,,,,,,,
,,,,,,,,,,,,,,1.9418162142410424,15.424876077775515,,,1.8546095413437147,16.43702333687029,,,,,,,,,,,,,,,,,,,,,,,,,,
,,,,,,,,,,,,,,1.9638491430498854,15.488011693029858,,,1.874483756948007,16.476406360895812,,,,,,,,,,,,,,,,,,,,,,,,,,
,,,,,,,,,,,,,,1.9866738811161784,15.554848320883725,,,1.8949577088032683,16.61574820634263,,,,,,,,,,,,,,,,,,,,,,,,,,
,,,,,,,,,,,,,,2.008076341993015,15.661717273219164,,,1.9168975056275048,16.651503018122792,,,,,,,,,,,,,,,,,,,,,,,,,,
,,,,,,,,,,,,,,2.0140085870688025,15.802160961864143,,,1.940240971983107,16.779209399397082,,,,,,,,,,,,,,,,,,,,,,,,,,
,,,,,,,,,,,,,,2.030701511520867,15.822608023498496,,,1.9619553500530547,16.802145642870695,,,,,,,,,,,,,,,,,,,,,,,,,,
,,,,,,,,,,,,,,2.0326021910376864,15.923225983261542,,,1.9831373017490357,16.88236671421645,,,,,,,,,,,,,,,,,,,,,,,,,,
,,,,,,,,,,,,,,,,,,2.005237128180624,16.965170230557877,,,,,,,,,,,,,,,,,,,,,,,,,,
,,,,,,,,,,,,,,,,,,2.027250381218071,17.022521169021903,,,,,,,,,,,,,,,,,,,,,,,,,,
,,,,,,,,,,,,,,,,,,2.04198163126199,17.077145045570493,,,,,,,,,,,,,,,,,,,,,,,,,,
