Column1;Column2;Column3;Column4;Column5;Column6;Column7;Column8;Column9;Column10;Column11;Column12;Column13;Column14;Column15;Column16;Column17;Column18;Column19;Column20;Column21;Column22;Column23;Column24;Column25;Column26;Column27;Column28;Column29;Column30;Column31;Column32;Column33;Column34;Column35;Column36;Column37;Column38;Column39;Column40;Column41;Column42;Column43;Column44;Column45;Column46
25;;30;;35;;40;;45;;50;;55;;60;;65;;70;;75;;80;;85;;90;;95;;100;;110;;120;;130;;140;;150;;160;;170;
X;Y;X;Y;X;Y;X;Y;X;Y;X;Y;X;Y;X;Y;X;Y;X;Y;X;Y;X;Y;X;Y;X;Y;X;Y;X;Y;X;Y;X;Y;X;Y;X;Y;X;Y;X;Y;X;Y
0,75;0,22;0,58;0,23;0,47;0,20;0,39;0,04;0,33;0,10;0,27;0,09;0,22;0,14;0,17;0,15;0,12;0,23;0,06;0,12;0,02;0,19;0,01;0,94;0,02;1,91;0,01;2,48;0,01;3,19;0,01;3,62;0,01;4,79;0,01;5,91;0,01;6,74;0,01;7,40;0,02;8,43;0,01;8,98;0,01;9,58
0,77;0,34;0,61;0,48;0,49;0,35;0,41;0,27;0,34;0,29;0,28;0,36;0,22;0,37;0,18;0,39;0,13;0,59;0,07;0,32;0,02;0,38;0,01;1,14;0,06;2,83;0,03;2,84;0,04;3,72;0,02;3,83;0,07;5,86;0,06;6,69;0,02;6,86;0,03;7,80;0,03;8,79;0,01;9,22;0,03;9,87
0,79;0,53;0,60;0,22;0,50;0,56;0,41;0,53;0,35;0,78;0,29;0,61;0,24;0,64;0,20;0,66;0,15;0,79;0,08;0,59;0,03;0,59;0,02;0,92;0,10;3,56;0,04;3,10;0,07;3,78;0,03;4,04;0,11;6,64;0,07;6,84;0,07;7,80;0,08;8,80;0,05;9,04;0,06;9,87;0,05;10,12
0,80;0,74;0,63;0,54;0,52;0,80;0,42;0,74;0,36;0,50;0,30;0,83;0,25;0,83;0,20;0,85;0,16;1,14;0,09;0,82;0,04;0,90;0,04;1,61;0,12;3,81;0,04;2,83;0,07;4,41;0,04;4,32;0,12;6,80;0,07;7,00;0,11;8,45;0,12;9,47;0,06;9,29;0,07;9,89;0,06;10,39
0,81;1,06;0,63;0,69;0,51;0,55;0,44;0,81;0,37;0,93;0,32;1,05;0,26;1,10;0,22;1,15;0,17;1,39;0,11;1,04;0,05;1,09;0,05;1,89;0,12;4,13;0,05;3,37;0,09;4,76;0,05;4,57;0,13;7,11;0,09;7,38;0,13;8,77;0,13;9,77;0,07;9,53;0,10;10,12;0,07;10,61
0,82;0,76;0,64;1,05;0,52;1,05;0,44;0,99;0,38;1,21;0,33;1,40;0,27;1,35;0,22;1,44;0,17;1,63;0,11;1,30;0,06;1,30;0,08;2,51;0,13;4,30;0,06;3,54;0,08;4,55;0,07;4,81;0,14;6,79;0,11;7,60;0,14;9,02;0,14;9,92;0,08;9,77;0,11;10,33;0,09;10,86
0,83;1,10;0,64;0,74;0,54;1,26;0,45;1,25;0,40;1,34;0,34;1,60;0,28;1,58;0,25;1,77;0,18;1,79;0,12;1,60;0,07;1,53;0,09;2,84;0,15;4,49;0,07;3,79;0,10;4,90;0,08;5,05;0,15;7,31;0,12;7,81;0,15;9,21;0,15;10,00;0,10;9,95;0,13;10,83;0,10;11,08
0,84;1,37;0,66;1,25;0,56;1,43;0,46;1,59;0,41;1,52;0,36;1,79;0,28;1,73;0,26;1,95;0,19;2,04;0,14;2,10;0,08;1,77;0,10;2,98;0,16;4,76;0,09;4,10;0,12;5,10;0,08;4,76;0,19;7,82;0,13;8,10;0,16;9,42;0,17;10,30;0,11;10,17;0,13;10,59;0,12;11,36
0,86;1,57;0,67;1,47;0,57;1,68;0,47;1,72;0,42;1,82;0,37;2,01;0,29;1,49;0,27;2,15;0,21;2,26;0,13;1,70;0,09;1,95;0,11;3,17;0,18;4,94;0,10;4,27;0,12;5,28;0,09;5,28;0,20;8,08;0,15;8,27;0,17;9,53;0,21;10,87;0,12;10,36;0,13;11,16;0,13;11,66
0,86;1,37;0,69;1,50;0,58;1,89;0,48;1,49;0,43;2,06;0,38;2,23;0,30;1,81;0,27;2,33;0,23;2,50;0,14;1,84;0,10;2,19;0,12;3,41;0,19;5,14;0,12;4,54;0,14;5,52;0,10;5,50;0,21;8,32;0,16;8,49;0,19;9,85;0,23;11,11;0,14;10,59;0,16;11,40;0,15;11,89
0,88;1,78;0,69;1,73;0,58;1,69;0,49;1,68;0,42;1,55;0,39;2,47;0,32;2,08;0,29;2,60;0,23;2,70;0,16;2,27;0,12;2,39;0,13;3,56;0,20;5,36;0,13;4,77;0,15;5,82;0,12;5,67;0,23;8,53;0,18;8,76;0,21;9,97;0,25;11,28;0,15;10,81;0,18;11,78;0,16;12,07
0,90;2,01;0,72;1,80;0,60;2,08;0,51;1,88;0,45;2,33;0,41;2,69;0,32;2,38;0,29;2,85;0,25;2,81;0,17;2,60;0,12;2,62;0,14;3,80;0,22;5,58;0,12;4,08;0,17;5,93;0,12;5,87;0,24;8,69;0,19;8,95;0,22;10,25;0,25;11,48;0,16;11,00;0,20;11,78;0,17;12,28
0,89;1,80;0,73;2,11;0,61;2,34;0,52;2,18;0,44;2,09;0,42;2,88;0,34;2,52;0,28;2,25;0,26;3,20;0,17;2,88;0,14;2,83;0,16;3,90;0,24;5,75;0,12;4,29;0,17;6,09;0,14;6,12;0,26;9,00;0,21;9,16;0,24;10,48;0,27;11,76;0,17;11,20;0,22;12,38;0,19;12,48
0,92;2,23;0,74;2,25;0,63;2,40;0,52;1,94;0,46;2,53;0,43;3,10;0,34;2,72;0,31;3,06;0,25;3,00;0,18;3,03;0,15;3,05;0,17;4,14;0,25;5,99;0,14;4,92;0,20;6,53;0,15;6,34;0,28;9,22;0,22;9,40;0,25;10,72;0,33;12,51;0,19;11,44;0,23;12,09;0,20;12,66
0,94;2,48;0,76;2,50;0,64;2,57;0,53;2,38;0,48;2,67;0,45;3,32;0,36;2,98;0,30;2,79;0,27;3,48;0,20;3,27;0,16;3,31;0,18;4,33;0,26;6,18;0,15;5,12;0,21;6,77;0,16;6,54;0,29;9,42;0,24;9,55;0,27;10,91;0,36;12,85;0,21;11,66;0,24;12,65;0,21;12,87
0,96;2,69;0,76;2,29;0,65;2,74;0,54;2,60;0,49;2,96;0,47;3,53;0,38;3,07;0,32;3,28;0,28;3,71;0,19;3,04;0,18;3,55;0,19;4,53;0,27;6,38;0,16;5,34;0,23;6,96;0,18;6,77;0,31;9,62;0,25;9,80;0,28;11,12;0,38;13,04;0,22;11,84;0,25;12,87;0,23;13,07
0,98;2,84;0,78;2,67;0,67;2,82;0,54;2,28;0,50;3,23;0,48;3,78;0,38;3,30;0,33;3,57;0,29;3,93;0,22;3,45;0,19;3,80;0,21;4,78;0,28;6,56;0,18;5,54;0,24;7,19;0,19;6,95;0,33;9,86;0,26;9,96;0,30;11,32;0,44;13,74;0,23;12,06;0,27;13,02;0,24;13,24
0,99;2,99;0,78;2,50;0,67;3,03;0,56;2,82;0,51;3,05;0,50;3,97;0,39;3,51;0,32;3,13;0,29;3,66;0,23;3,59;0,21;3,96;0,22;4,78;0,30;6,77;0,19;5,77;0,25;7,36;0,20;7,13;0,34;10,05;0,28;10,18;0,31;11,50;0,45;13,86;0,25;12,13;0,28;13,19;0,25;13,46
1,01;3,15;0,80;2,80;0,69;3,15;0,55;2,59;0,52;3,43;0,51;4,16;0,41;3,67;0,33;3,29;0,31;4,14;0,23;3,94;0,22;4,20;0,23;5,08;0,32;7,02;0,20;5,92;0,27;7,52;0,22;7,32;0,36;10,26;0,29;10,36;0,33;11,73;0,48;14,11;0,25;12,34;0,29;13,36;0,26;13,65
1,02;3,14;0,81;3,06;0,70;3,43;0,57;2,80;0,52;3,20;0,53;4,37;0,42;3,97;0,35;3,63;0,32;4,35;0,26;4,23;0,24;4,43;0,24;5,25;0,34;7,24;0,22;6,16;0,29;7,78;0,24;7,55;0,37;10,36;0,31;10,60;0,34;11,89;0,49;14,33;0,27;12,57;0,32;13,76;0,28;13,82
1,03;3,32;0,82;3,21;0,71;3,65;0,58;3,19;0,54;3,68;0,54;4,57;0,42;3,69;0,35;3,96;0,34;4,54;0,25;3,95;0,25;4,67;0,26;5,56;0,35;7,44;0,23;6,38;0,30;7,91;0,25;7,79;0,39;10,58;0,33;10,84;0,36;12,13;0,64;15,76;0,29;12,81;0,37;14,32;0,29;13,98
1,04;3,48;0,84;3,23;0,70;3,13;0,58;3,39;0,55;3,98;0,55;4,77;0,44;4,15;0,37;4,11;0,35;4,82;0,27;4,43;0,27;4,82;0,28;5,86;0,37;7,64;0,25;6,52;0,32;8,17;0,26;8,01;0,40;10,80;0,35;11,08;0,38;12,34;0,66;15,82;0,30;13,01;0,39;14,54;0,32;14,29
1,05;3,69;0,85;3,47;0,73;3,78;0,60;3,48;0,57;4,20;0,57;4,87;0,45;4,32;0,38;4,32;0,36;4,64;0,29;4,54;0,28;5,07;0,30;6,07;0,37;7,81;0,26;6,81;0,33;8,38;0,28;8,26;0,42;10,99;0,37;11,24;0,40;12,59;0,72;16,29;0,32;13,19;0,41;14,76;0,34;14,52
1,06;3,49;0,87;3,49;0,74;3,91;0,61;3,61;0,58;4,36;0,58;5,05;0,47;4,56;0,39;4,58;0,38;5,00;0,29;4,78;0,29;5,26;0,31;6,27;0,39;7,92;0,28;7,10;0,35;8,58;0,30;8,47;0,44;11,22;0,38;11,44;0,42;12,84;0,74;16,45;0,34;13,41;0,43;14,83;0,36;14,77
1,07;3,68;0,87;3,69;0,76;4,08;0,63;3,62;0,61;4,45;0,60;5,30;0,47;4,33;0,39;4,27;0,39;5,18;0,30;4,98;0,31;5,51;0,32;6,45;0,41;8,16;0,30;7,30;0,36;8,75;0,31;8,69;0,46;11,44;0,39;11,63;0,44;13,03;0,78;16,72;0,36;13,65;0,45;15,18;0,37;14,92
1,09;3,68;0,89;3,92;0,78;4,27;0,64;3,86;0,63;4,52;0,62;5,49;0,49;4,63;0,41;4,67;0,41;5,39;0,32;5,14;0,33;5,80;0,34;6,66;0,42;8,38;0,31;7,51;0,38;9,00;0,32;8,82;0,48;11,64;0,41;11,82;0,45;13,24;0,80;16,83;0,37;13,81;0,47;15,38;0,39;15,14
1,10;3,92;0,88;3,64;0,80;4,38;0,65;4,05;0,64;4,68;0,64;5,71;0,50;4,88;0,42;4,88;0,41;5,59;0,33;5,36;0,35;5,96;0,35;6,80;0,44;8,57;0,33;7,75;0,40;9,21;0,34;9,02;0,49;11,81;0,43;12,07;0,47;13,45;0,82;17,00;0,38;13,96;0,48;15,48;0,41;15,36
1,12;3,97;0,91;4,12;0,82;4,56;0,65;3,79;0,65;4,88;0,65;5,89;0,51;5,18;0,43;4,75;0,43;5,63;0,33;5,11;0,36;6,16;0,36;6,93;0,46;8,78;0,35;7,92;0,41;9,42;0,36;9,24;0,50;11,90;0,45;12,30;0,50;13,70;0,85;17,15;0,40;14,17;0,50;15,66;0,44;15,61
1,14;4,03;0,92;4,21;0,85;4,72;0,67;4,11;0,66;5,09;0,68;6,13;0,51;4,90;0,44;5,03;0,43;5,82;0,35;5,44;0,38;6,42;0,38;7,20;0,48;8,96;0,37;8,11;0,43;9,60;0,37;9,45;0,57;12,63;0,47;12,52;0,51;13,76;0,85;17,25;0,42;14,37;0,52;15,83;0,46;15,79
1,14;4,32;0,94;4,40;0,85;4,98;0,68;4,27;0,68;5,18;0,69;6,35;0,53;5,46;0,45;5,21;0,45;6,02;0,36;5,65;0,40;6,67;0,37;7,37;0,49;9,20;0,40;8,67;0,45;9,84;0,38;9,65;0,59;12,82;0,49;12,75;0,53;14,07;0,88;17,35;0,44;14,56;0,54;16,07;0,48;15,91
1,16;4,35;0,96;4,61;0,87;5,03;0,69;4,39;0,69;5,35;0,71;6,51;0,55;5,67;0,47;5,40;0,46;5,96;0,37;5,95;0,41;6,84;0,39;7,41;0,51;9,40;0,42;8,84;0,47;10,05;0,41;9,87;0,61;12,88;0,51;12,88;0,57;14,42;0,90;17,50;0,45;14,77;0,56;16,26;0,50;16,14
1,17;4,47;0,96;4,35;0,88;5,23;0,71;4,61;0,70;5,53;0,73;6,71;0,56;5,66;0,49;5,63;0,47;6,26;0,37;5,70;0,42;7,00;0,41;7,55;0,53;9,61;0,43;9,06;0,49;10,28;0,42;10,06;0,63;13,18;0,54;13,27;0,60;14,72;0,93;17,70;0,47;14,94;0,58;16,39;0,49;15,84
1,19;4,45;0,98;4,67;0,90;5,38;0,71;4,39;0,71;5,70;0,75;6,89;0,57;5,89;0,48;5,41;0,48;6,44;0,39;6,14;0,44;7,22;0,42;7,78;0,55;9,84;0,45;9,26;0,49;10,41;0,44;10,27;0,66;13,44;0,57;13,55;0,62;14,83;0,96;17,78;0,49;15,13;0,61;16,68;0,54;16,52
1,21;4,65;0,99;4,87;0,92;5,51;0,73;4,89;0,73;5,88;0,77;7,14;0,58;6,08;0,51;5,73;0,49;6,41;0,41;6,32;0,46;7,42;0,44;7,90;0,57;10,00;0,47;9,49;0,50;10,46;0,46;10,49;0,69;13,73;0,59;13,74;0,72;15,57;0,97;17,78;0,50;15,23;0,63;16,84;0,57;16,79
1,24;4,75;1,01;5,00;0,92;5,66;0,73;4,66;0,75;5,96;0,79;7,35;0,61;6,22;0,51;5,94;0,50;6,62;0,42;6,12;0,47;7,59;0,46;8,15;0,59;10,19;0,49;9,70;0,54;10,81;0,48;10,66;0,71;13,82;0,61;13,84;0,75;15,79;1,09;18,59;0,56;15,69;0,72;17,45;0,58;16,83
1,24;4,96;1,01;4,87;0,94;5,64;0,75;5,01;0,76;6,11;0,81;7,54;0,61;6,41;0,53;6,01;0,51;6,78;0,43;6,52;0,49;7,79;0,47;8,28;0,60;10,34;0,51;9,90;0,55;10,85;0,49;10,84;0,73;14,04;0,65;14,06;0,84;16,43;1,12;18,71;0,58;15,86;0,74;17,63;0,61;17,13
1,26;4,96;1,03;5,15;0,94;5,86;0,76;5,21;0,77;6,31;0,83;7,73;0,63;6,35;0,55;6,18;0,52;6,68;0,44;6,66;0,51;7,97;0,48;8,52;0,62;10,54;0,53;10,14;0,58;11,24;0,50;10,95;0,82;14,74;0,72;14,82;0,88;16,72;1,14;18,78;0,60;16,05;0,76;17,77;0,61;17,27
1,29;5,28;1,05;5,31;0,97;5,98;0,78;5,32;0,78;6,49;0,85;7,89;0,64;6,57;0,57;6,36;0,53;6,96;0,46;6,87;0,52;8,16;0,51;8,74;0,65;10,78;0,55;10,33;0,60;11,44;0,52;11,16;0,84;14,84;0,74;14,96;0,89;16,79;1,16;18,92;0,61;15,86;0,78;17,89;0,69;17,79
1,29;5,20;1,06;5,59;0,98;6,02;0,80;5,41;0,80;6,62;0,86;8,08;0,65;6,80;0,57;6,62;0,55;7,13;0,47;6,86;0,54;8,34;0,53;8,90;0,67;10,93;0,57;10,53;0,63;11,72;0,54;11,39;0,85;15,02;0,76;15,14;0,97;17,24;1,19;19,04;0,62;16,23;0,81;18,05;0,71;17,83
1,31;5,35;1,06;5,26;0,99;6,19;0,81;5,67;0,82;6,75;0,88;8,28;0,65;6,93;0,59;6,94;0,56;7,26;0,48;7,06;0,56;8,56;0,60;9,78;0,69;11,15;0,59;10,75;0,65;11,89;0,56;11,63;0,95;15,72;0,78;15,27;0,98;17,35;1,21;19,13;0,64;16,37;0,83;18,18;0,73;17,96
1,34;5,56;1,09;5,80;1,00;6,35;0,82;5,85;0,83;6,70;0,91;8,49;0,67;7,06;0,59;6,65;0,57;7,45;0,50;7,20;0,58;8,76;0,62;9,93;0,71;11,33;0,61;10,91;0,67;12,12;0,58;11,80;0,97;15,81;0,83;15,65;1,02;17,61;1,23;19,22;0,66;16,53;0,85;18,31;0,75;18,11
1,35;5,75;1,11;5,96;1,02;6,57;0,82;5,66;0,84;6,93;0,93;8,70;0,69;7,20;0,61;7,17;0,59;7,58;0,52;7,56;0,60;8,97;0,64;10,10;0,73;11,56;0,62;11,08;0,69;12,31;0,59;11,94;1,09;16,59;0,85;15,76;1,06;17,75;1,24;19,29;0,68;16,71;0,85;18,41;0,77;18,22
1,36;5,95;1,13;6,13;1,04;6,74;0,85;6,09;0,85;7,17;0,95;8,84;0,71;7,18;0,61;6,97;0,61;7,64;0,51;7,33;0,61;9,18;0,65;10,26;0,75;11,74;0,64;11,28;0,71;12,50;0,61;12,06;1,11;16,72;0,86;15,76;1,09;17,79;1,28;19,44;0,71;16,84;0,87;18,45;0,80;18,38
1,38;6,17;1,13;6,25;1,06;6,85;0,85;5,94;0,86;7,06;0,96;9,04;0,71;7,35;0,63;7,24;0,63;7,91;0,53;7,76;0,64;9,41;0,70;10,75;0,77;11,88;0,67;11,49;0,74;12,70;0,63;12,31;1,14;16,82;0,97;16,62;1,15;18,29;1,30;19,52;0,72;16,92;0,91;18,67;0,82;18,53
1,40;6,24;1,16;6,29;1,08;7,05;0,87;6,26;0,87;7,25;0,98;9,17;0,74;7,44;0,64;7,38;0,64;8,13;0,53;7,52;0,65;9,61;0,72;10,85;0,79;12,08;0,69;11,69;0,75;12,57;0,65;12,52;1,16;16,96;0,99;16,74;1,18;18,41;1,32;19,60;0,74;17,07;0,93;18,78;0,84;18,69
1,42;6,26;1,18;6,31;1,10;7,15;0,86;6,07;0,89;7,43;1,00;9,31;0,75;7,67;0,66;7,40;0,66;8,36;0,55;8,01;0,67;9,82;0,74;11,07;0,81;12,25;0,70;11,78;0,76;12,89;0,67;12,73;1,19;17,19;1,01;16,74;1,21;18,59;1,34;19,71;0,85;17,82;0,95;18,87;0,86;18,80
1,43;6,33;1,20;6,40;1,12;7,34;0,89;6,35;0,91;7,45;1,02;9,49;0,76;7,90;0,67;7,60;0,67;8,53;0,55;8,21;0,69;10,00;0,76;11,25;0,83;12,45;0,73;12,17;0,78;13,09;0,70;12,90;1,22;17,34;1,09;17,34;1,23;18,72;1,37;19,74;0,87;17,91;0,97;18,97;0,88;18,83
1,46;6,35;1,22;6,59;1,12;7,12;0,90;6,55;0,91;7,64;1,04;9,69;0,78;8,06;0,69;7,70;0,69;8,80;0,58;8,33;0,71;10,17;0,78;11,46;0,85;12,69;0,72;11,96;0,80;13,28;0,72;13,11;1,24;17,43;1,15;17,70;1,25;18,77;1,39;19,79;0,90;18,05;1,05;19,41;0,91;19,04
1,48;6,46;1,25;6,71;1,14;7,33;0,92;6,75;0,93;7,77;1,06;9,83;0,80;8,12;0,69;7,98;0,69;8,66;0,60;8,37;0,72;10,38;0,81;11,67;0,85;12,81;0,85;13,09;0,83;13,45;0,73;13,25;1,28;17,68;1,18;17,78;1,27;18,88;1,41;19,90;0,92;18,17;1,08;19,53;0,93;19,15
1,49;6,73;1,27;6,91;1,15;7,56;0,91;6,51;0,94;7,97;1,09;9,97;0,80;8,34;0,71;8,06;0,71;8,91;0,61;8,52;0,75;10,54;0,82;11,73;0,87;12,82;0,87;13,25;0,85;13,64;0,75;13,38;1,30;17,75;1,21;17,95;1,30;19,01;1,43;19,97;0,94;18,29;1,10;19,65;0,95;19,27
1,51;6,63;1,28;7,21;1,17;7,73;0,93;6,93;0,97;8,10;1,11;10,15;0,82;8,51;0,72;8,21;0,73;9,09;0,61;8,63;0,77;10,76;0,93;12,71;0,90;12,98;0,90;13,48;0,87;13,79;0,77;13,55;1,32;17,86;1,23;18,04;1,32;19,09;1,46;20,03;0,96;18,38;1,12;19,75;0,98;19,41
1,51;6,90;1,29;7,08;1,19;7,76;0,95;7,06;0,98;8,30;1,13;10,31;0,84;8,63;0,73;8,61;0,75;9,28;0,63;8,68;0,79;10,91;0,95;12,84;0,92;13,17;0,92;13,67;0,89;13,98;0,79;13,70;1,35;17,97;1,24;18,11;1,34;19,17;1,48;20,10;0,98;18,52;1,14;19,81;1,00;19,51
1,52;6,73;1,31;7,33;1,19;7,92;0,98;7,32;1,00;8,43;1,15;10,46;0,86;8,72;0,74;8,28;0,77;9,39;0,65;8,91;0,81;11,13;0,97;13,03;0,94;13,34;0,94;13,80;0,91;14,14;0,82;13,87;1,37;18,07;1,27;18,27;1,36;19,25;1,50;20,18;1,01;18,66;1,16;19,91;1,02;19,62
1,53;7,01;1,32;7,42;1,20;7,73;0,97;7,11;1,02;8,63;1,17;10,63;0,86;8,91;0,75;8,52;0,79;9,53;0,67;9,07;0,83;11,28;0,98;13,14;0,96;13,51;0,96;13,97;0,94;14,32;0,84;14,04;1,39;18,17;1,30;18,42;1,39;19,35;1,52;20,24;1,03;18,77;1,18;19,99;1,04;19,74
1,55;7,15;1,34;7,51;1,21;8,08;1,00;7,39;1,03;8,63;1,17;10,75;0,88;8,94;0,76;8,75;0,81;9,64;0,68;9,17;0,85;11,43;1,03;13,45;0,99;13,69;0,98;14,08;0,96;14,45;0,85;14,18;1,41;18,26;1,33;18,51;1,41;19,43;1,55;20,31;1,05;18,90;1,21;20,07;1,07;19,82
1,58;7,14;1,46;8,27;1,23;8,08;1,00;7,53;1,04;8,83;1,20;10,75;0,88;9,10;0,76;8,81;0,82;9,76;0,69;9,40;0,87;11,61;1,05;13,62;1,01;13,80;1,02;14,34;0,97;14,64;0,88;14,32;1,44;18,34;1,35;18,58;1,43;19,50;1,57;20,36;1,07;19,02;1,23;20,19;1,09;19,91
1,58;7,34;1,47;8,33;1,36;8,97;1,01;7,41;1,05;8,99;1,22;10,91;0,90;9,13;0,78;8,74;0,83;9,77;0,71;9,45;0,90;11,82;1,07;13,73;1,09;14,43;1,05;14,57;0,99;14,71;0,90;14,47;1,46;18,44;1,37;18,69;1,45;19,61;1,59;20,43;1,10;19,13;1,23;20,45;1,11;20,04
1,61;7,42;1,49;8,46;1,39;8,97;1,02;7,70;1,05;8,78;1,22;11,00;0,91;9,30;0,78;8,96;0,85;10,06;0,71;9,66;0,92;11,97;1,10;13,89;1,14;14,71;1,09;14,85;1,02;14,92;0,92;14,65;1,48;18,52;1,39;18,78;1,47;19,68;1,61;20,48;1,12;19,25;1,25;20,24;1,13;20,12
1,63;7,48;1,51;8,55;1,40;9,15;1,05;7,69;1,07;9,07;1,24;11,06;0,92;9,50;0,80;8,96;0,86;10,17;0,73;9,68;0,94;12,16;1,11;13,97;1,15;14,76;1,22;15,65;1,05;15,12;0,94;14,77;1,50;18,62;1,41;18,91;1,49;19,70;1,64;20,53;1,14;19,36;1,27;20,31;1,15;20,23
1,65;7,54;1,53;8,62;1,42;9,30;1,05;7,90;1,09;9,17;1,27;11,18;0,92;9,18;0,80;9,14;0,88;10,35;0,74;9,91;0,96;12,32;1,14;14,18;1,22;15,19;1,24;15,74;1,08;15,27;0,96;14,91;1,52;18,68;1,44;19,01;1,51;19,74;1,66;20,61;1,16;19,47;1,30;20,39;1,18;20,32
1,66;7,64;1,55;8,58;1,43;9,44;1,07;7,86;1,23;10,18;1,29;11,34;0,93;9,71;0,83;9,12;0,90;10,51;0,76;9,93;0,99;12,47;1,16;14,32;1,22;15,39;1,26;15,85;1,10;15,40;0,98;15,04;1,55;18,73;1,46;19,05;1,53;19,82;1,68;20,64;1,19;19,57;1,32;20,46;1,20;20,40
1,68;7,67;1,58;8,70;1,46;9,56;1,07;8,08;1,25;10,30;1,29;11,44;0,95;9,85;0,82;9,32;0,91;10,75;0,77;10,14;1,01;12,65;1,18;14,42;1,30;15,67;1,29;16,03;1,11;15,49;1,00;15,15;1,57;18,80;1,53;19,32;1,57;19,97;1,70;20,64;1,21;19,66;1,34;20,56;1,22;20,49
1,70;7,85;1,60;8,72;1,48;9,59;1,10;8,30;1,27;10,42;1,31;11,49;0,97;9,96;0,85;9,35;0,92;10,83;0,78;10,16;1,03;12,79;1,21;14,59;1,32;15,75;1,34;16,26;1,14;15,71;1,02;15,30;1,59;18,91;1,56;19,42;1,59;20,00;1,82;24,83;1,23;19,74;1,36;20,61;1,24;20,56
1,72;7,98;1,62;8,85;1,50;9,76;1,09;8,03;1,29;10,49;1,33;11,65;0,98;9,79;0,86;9,54;1,03;11,61;0,79;10,32;1,05;12,88;1,23;14,72;1,34;15,89;1,37;16,49;1,16;15,83;1,04;15,43;1,61;18,96;1,58;19,48;1,61;20,04;1,84;25,18;1,25;19,84;1,39;20,67;1,26;20,64
1,74;8,02;1,64;8,94;1,52;9,94;1,12;8,32;1,30;10,61;1,35;11,70;0,99;10,04;0,88;9,70;1,04;11,74;0,80;10,50;1,07;13,07;1,25;14,79;1,45;16,41;1,40;16,63;1,22;16,15;1,16;16,12;1,63;19,01;1,60;19,56;1,63;20,10;1,87;25,55;1,27;19,95;1,40;20,69;1,29;20,72
1,76;8,14;1,66;9,07;1,54;9,83;1,13;8,47;1,32;10,62;1,37;11,81;1,10;10,91;0,90;10,00;1,06;11,93;0,81;10,52;1,09;13,22;1,27;14,97;1,49;16,65;1,42;16,71;1,31;16,66;1,18;16,25;1,65;19,08;1,62;19,59;1,66;20,15;1,90;25,91;1,30;20,04;1,42;23,71;1,27;23,06
1,78;8,25;1,69;9,17;1,54;10,06;1,15;8,62;1,32;10,80;1,38;12,03;1,12;11,10;0,90;9,79;1,08;12,10;0,82;10,72;1,12;13,41;1,32;15,21;1,52;16,70;1,44;16,82;1,33;16,73;1,20;16,39;1,67;19,14;1,66;19,69;1,68;20,21;1,93;26,29;1,32;20,12;1,44;24,01;1,29;23,33
1,81;8,19;1,71;9,32;1,57;10,20;1,16;8,76;1,35;10,91;1,50;12,51;1,14;11,19;0,92;10,17;1,10;12,33;0,83;10,88;1,14;13,59;1,34;15,34;1,53;16,73;1,46;16,98;1,35;16,86;1,22;16,55;1,70;19,22;1,68;19,73;1,70;20,27;1,96;26,67;1,34;20,19;1,47;24,31;1,31;23,60
1,92;8,83;1,73;9,35;1,59;10,31;1,18;8,76;1,37;11,01;1,52;12,61;1,15;11,35;0,94;10,26;1,10;12,21;0,86;10,98;1,16;13,73;1,39;15,64;1,56;16,89;1,48;17,01;1,37;16,97;1,22;16,65;1,72;19,27;1,70;19,84;1,72;20,32;1,99;27,05;1,36;20,28;1,49;24,62;1,33;23,88
1,94;8,90;1,75;9,46;1,61;10,42;1,20;8,83;1,38;11,18;1,55;12,68;1,16;11,46;0,95;10,45;1,12;12,48;0,88;11,09;1,17;13,81;1,41;15,73;1,58;16,98;1,50;17,10;1,42;17,21;1,24;16,67;1,74;19,32;1,72;19,91;1,74;20,37;2,02;27,44;1,38;20,35;1,51;24,93;1,35;24,16
1,96;9,10;1,75;9,63;1,64;10,53;1,37;10,05;1,40;11,17;1,57;12,74;1,18;11,54;0,97;10,47;1,14;12,59;0,89;11,24;1,31;14,61;1,43;15,83;1,62;17,10;1,54;17,26;1,44;17,30;1,30;16,96;1,76;19,37;1,75;19,95;1,77;20,43;2,05;27,84;1,41;20,42;1,54;25,24;1,37;24,44
1,96;8,77;1,77;9,63;1,65;10,63;1,39;10,17;1,42;11,33;1,59;12,86;1,20;11,53;0,99;10,66;1,16;12,66;0,91;11,46;1,33;14,71;1,46;16,01;1,63;17,13;1,56;17,35;1,46;17,44;1,32;17,08;1,79;19,45;1,77;20,00;1,79;20,48;2,08;28,24;1,43;20,48;1,56;25,56;1,39;24,72
1,98;9,07;1,79;9,78;1,67;10,69;1,41;10,22;1,43;11,36;1,61;13,01;1,21;11,73;1,00;10,88;1,17;12,81;0,90;11,20;1,35;14,83;1,48;16,06;1,67;17,26;1,58;17,45;1,48;17,50;1,34;17,24;1,81;19,49;1,79;20,06;1,81;20,54;2,11;28,64;1,45;20,56;1,58;25,88;1,41;25,01
1,99;9,00;1,81;9,91;1,69;10,80;1,42;10,36;1,45;11,51;1,64;13,11;1,23;11,83;1,02;11,08;1,19;12,83;0,92;11,50;1,37;15,00;1,56;16,42;1,69;17,35;1,60;17,50;1,51;17,61;1,37;17,31;1,83;19,54;1,81;20,13;1,83;20,58;2,14;29,06;1,47;20,62;1,60;26,21;1,43;25,30
2,00;9,17;1,83;10,00;1,72;10,85;1,44;10,36;1,47;11,53;1,66;13,21;1,24;11,93;1,02;10,93;1,20;12,99;1,04;12,39;1,40;15,11;1,58;16,54;1,70;17,42;1,63;17,61;1,53;17,67;1,39;17,39;1,85;19,60;1,83;20,18;1,85;20,61;2,17;29,48;1,49;20,68;1,63;26,54;1,45;25,60
2,02;9,19;1,85;10,07;1,74;10,95;1,46;10,51;1,49;11,69;1,68;13,28;1,26;11,99;1,03;11,11;1,22;12,96;1,06;12,58;1,42;15,23;1,60;16,61;1,72;17,43;1,65;17,64;1,55;17,73;1,41;17,49;1,88;19,65;1,86;20,23;1,87;20,62;2,19;29,90;1,51;20,71;1,65;26,87;1,47;25,90
1,96;14,23;1,88;10,16;1,76;11,00;1,49;10,59;1,51;11,76;1,70;13,39;1,28;12,16;1,14;11,89;1,23;13,18;1,08;12,63;1,44;15,36;1,62;16,66;1,74;17,52;1,67;17,69;1,57;17,84;1,43;17,60;1,90;19,67;1,88;20,27;1,95;25,05;2,22;30,33;1,49;23,62;1,67;27,21;1,49;26,20
1,97;14,69;1,90;10,25;1,78;11,11;1,50;10,74;1,53;11,82;1,72;13,51;1,30;12,29;1,16;11,94;1,25;13,25;1,10;12,71;1,46;15,48;1,64;16,73;1,76;17,57;1,69;17,78;1,59;17,89;1,46;17,71;1,92;19,72;1,90;20,32;1,97;25,39;2,25;30,77;1,51;23,89;1,69;27,56;1,52;26,51
1,99;15,17;1,92;10,33;1,81;11,19;1,52;10,82;1,54;12,01;1,75;13,58;1,32;12,44;1,18;12,15;1,25;13,39;1,11;12,85;1,48;15,58;1,66;16,83;1,79;17,62;1,70;17,86;1,62;17,97;1,48;17,76;1,94;19,78;1,92;20,36;2,00;25,73;2,28;31,21;1,53;24,16;1,72;27,90;1,54;26,82
2,01;15,67;1,94;10,29;1,83;11,24;1,53;10,97;1,57;12,11;1,77;13,65;1,35;12,47;1,19;12,30;1,34;13,64;1,13;12,91;1,51;15,67;1,69;16,91;1,81;17,67;1,72;17,87;1,64;18,05;1,50;17,84;1,96;19,85;1,94;20,42;2,03;26,08;2,31;31,66;1,55;24,44;1,74;28,26;1,56;27,13
2,02;16,18;1,96;10,31;1,85;11,28;1,55;11,05;1,58;12,12;1,79;13,74;1,37;12,58;1,20;12,21;1,37;13,76;1,15;13,07;1,53;15,74;1,71;17,00;1,83;17,73;1,74;17,93;1,66;18,12;1,52;17,92;1,99;19,90;1,96;20,48;2,06;26,43;2,34;32,12;1,58;24,72;1,76;28,61;1,58;27,45
2,04;16,71;1,99;10,43;1,86;11,40;1,56;11,20;1,60;12,26;1,81;13,83;1,39;12,61;1,22;12,41;1,37;13,92;1,17;13,26;1,55;15,87;1,73;17,07;1,85;17,80;1,76;17,99;1,68;18,19;1,54;18,01;2,01;19,94;1,99;20,49;2,08;26,79;2,37;32,58;1,60;25,00;1,79;28,97;1,60;27,77
2,06;17,26;1,98;10,60;1,87;11,41;1,58;11,20;1,62;12,33;1,83;13,88;1,40;12,82;1,22;12,31;1,39;13,92;1,19;13,33;1,57;15,95;1,80;17,27;1,87;17,84;1,79;18,05;1,70;18,29;1,57;18,07;2,02;19,98;2,01;20,56;2,11;27,15;2,40;33,05;1,62;25,29;1,81;29,34;1,62;28,09
2,07;17,83;2,01;10,50;1,89;11,56;1,60;11,27;1,64;12,39;1,86;13,98;1,43;12,89;1,24;12,50;1,40;14,13;1,21;13,42;1,59;16,06;1,82;17,31;1,90;17,90;1,81;18,12;1,72;18,30;1,58;18,17;2,11;25,19;2,03;20,59;2,14;27,51;2,43;33,53;1,64;25,58;1,83;29,71;1,64;28,42
2,09;18,41;2,03;10,51;1,90;11,52;1,60;11,38;1,66;12,46;1,88;14,06;1,44;12,97;1,26;12,56;1,42;14,18;1,23;13,56;1,62;16,11;1,84;17,39;1,92;17,94;1,83;18,16;1,74;18,37;1,61;18,21;2,13;25,55;2,07;25,50;2,16;27,88;2,46;34,01;1,66;25,87;1,85;30,09;1,66;28,76
2,11;19,02;2,04;10,49;1,93;11,47;1,63;11,42;1,69;12,44;1,90;14,14;1,47;13,06;1,28;12,64;1,43;14,31;1,25;13,72;1,64;16,19;1,87;17,45;1,94;17,99;1,85;18,22;1,77;18,44;1,63;18,27;2,16;25,91;2,10;25,86;2,19;28,26;2,49;34,50;1,68;26,17;1,88;30,46;1,68;29,09
2,12;19,64;2,00;17,92;1,95;11,53;1,65;11,46;1,68;12,58;1,92;14,20;1,48;13,17;1,30;12,79;1,46;14,43;1,27;13,80;1,66;16,30;1,86;17,61;1,96;18,05;1,88;18,27;1,79;18,55;1,65;18,34;2,18;26,28;2,13;26,21;2,22;28,64;2,52;35,00;1,70;26,47;1,90;30,85;1,70;29,43
2,14;20,28;2,02;18,49;1,98;11,62;1,67;11,46;1,71;12,55;1,95;14,29;1,50;13,16;1,31;12,99;1,48;14,49;1,28;13,98;1,68;16,37;1,89;17,52;1,98;18,10;1,91;18,34;1,81;18,58;1,67;18,41;2,21;26,66;2,15;26,58;2,24;29,02;2,54;35,50;1,72;26,78;1,92;31,24;1,72;29,78
2,16;20,95;2,04;19,07;2,00;11,69;1,67;11,67;1,71;12,75;1,97;14,36;1,52;13,25;1,33;13,02;1,49;14,60;1,30;14,05;1,71;16,48;1,91;17,56;2,01;18,15;1,93;18,41;1,83;18,61;1,69;18,52;2,24;27,04;2,18;26,94;2,27;29,41;2,57;36,01;1,74;27,08;1,95;31,63;1,74;30,12
2,17;21,64;2,06;19,67;2,02;11,71;1,69;11,56;1,73;12,81;1,99;14,44;1,53;13,38;1,33;13,22;1,52;14,59;1,32;14,14;1,73;16,57;1,93;17,61;2,03;18,19;1,95;18,45;1,85;18,64;1,71;18,57;2,26;27,42;2,20;27,32;2,30;29,81;2,60;36,53;1,76;27,40;1,97;32,03;1,76;30,48
2,19;22,35;2,08;20,29;2,05;11,84;1,70;11,76;1,76;12,92;2,01;14,53;1,55;13,38;1,35;13,23;1,54;14,71;1,33;14,25;1,75;16,63;1,95;17,63;2,05;18,20;1,97;18,50;1,88;18,66;1,73;18,59;2,29;27,82;2,23;27,69;2,32;30,21;2,63;37,06;1,78;27,71;1,99;32,44;1,78;30,83
2,20;23,08;2,09;20,93;1,99;19,92;1,72;11,78;1,78;12,98;2,03;14,60;1,56;13,51;1,37;13,32;1,55;14,83;1,35;14,31;1,77;16,68;1,97;17,68;2,01;24,55;2,00;18,56;1,90;18,73;1,75;18,63;2,31;28,21;2,26;28,08;2,35;30,61;2,66;37,59;1,81;28,03;2,01;32,85;1,80;31,19
2,22;23,84;2,11;21,60;2,01;20,49;1,74;11,88;1,79;13,06;2,05;14,59;1,57;13,43;1,39;13,48;1,57;14,86;1,36;14,47;1,79;16,76;2,00;17,75;2,03;24,99;2,02;18,59;1,92;18,80;1,77;18,67;2,34;28,62;2,28;28,46;2,38;31,02;2,69;38,14;1,83;28,35;2,04;33,26;1,82;31,56
2,24;24,62;2,13;22,28;2,03;21,09;1,76;11,98;1,82;13,17;2,00;25,13;1,59;13,57;1,42;13,60;1,59;14,92;1,38;14,49;1,82;16,85;2,02;17,79;2,06;25,45;2,04;18,60;1,94;18,88;1,79;18,73;2,37;29,03;2,31;28,86;2,40;31,44;2,72;38,69;1,85;28,68;2,06;33,68;1,84;31,93
2,25;25,42;2,15;22,98;2,04;21,70;1,78;12,04;1,84;13,21;2,02;25,84;1,60;13,73;1,43;13,72;1,60;15,06;1,38;14,65;1,84;16,92;2,04;17,78;2,08;25,91;2,05;18,61;1,96;18,89;1,82;18,82;2,39;29,44;2,34;29,26;2,43;31,86;2,75;39,24;1,87;29,00;2,08;34,10;1,86;32,30
2,27;26,26;2,16;23,71;2,06;22,32;1,79;12,18;1,86;13,29;2,04;26,56;1,62;13,70;1,46;13,63;1,62;15,10;1,40;14,68;1,86;16,98;2,06;17,72;2,10;26,38;2,05;18,82;1,99;18,93;1,84;18,87;2,42;29,86;2,36;29,66;2,46;32,29;2,78;39,81;1,89;29,34;2,11;34,54;1,89;32,68
2,29;27,12;2,18;24,46;2,08;22,97;1,82;12,23;1,88;13,33;2,06;27,31;1,64;13,91;1,47;13,84;1,65;15,17;1,42;14,84;1,88;17,04;2,03;28,03;2,13;26,86;2,08;26,83;2,01;18,97;1,86;18,92;2,45;30,29;2,39;30,07;2,48;32,73;2,81;40,38;1,91;29,68;2,13;34,97;1,91;33,06
2,30;28,01;2,20;25,23;2,10;23,63;1,84;12,22;1,89;13,50;2,08;28,07;1,63;13,71;1,49;13,89;1,67;15,30;1,44;14,94;1,90;17,10;2,05;28,69;2,15;27,35;2,10;27,35;2,03;19,02;1,88;18,98;2,47;30,72;2,42;30,49;2,51;33,17;2,84;40,96;1,93;30,02;2,15;35,41;1,93;33,45
2,32;28,93;2,22;26,03;2,11;24,31;1,84;12,39;1,91;13,54;2,10;28,86;1,66;13,98;1,51;13,98;1,69;15,35;1,47;15,07;1,93;17,19;2,07;29,36;2,18;27,85;2,13;27,88;2,05;19,11;1,90;19,02;2,50;31,16;2,44;30,91;2,54;33,61;2,86;41,56;1,95;30,36;2,17;35,86;1,95;33,84
2,34;29,87;2,24;26,85;2,13;25,02;1,86;12,44;1,94;13,67;2,12;29,67;1,68;14,09;1,53;14,08;1,71;15,39;1,49;15,13;1,95;17,23;2,10;30,05;2,20;28,36;2,15;28,42;2,02;25,24;1,93;19,08;2,52;31,60;2,47;31,34;2,57;34,07;2,89;42,15;1,97;30,71;2,20;36,31;1,97;34,23
2,35;30,85;2,25;27,70;2,15;25,74;1,88;12,44;1,96;13,71;2,14;30,50;1,70;14,16;1,55;14,20;1,73;15,50;1,51;15,23;1,97;17,29;2,12;30,76;2,22;28,87;2,18;28,97;2,04;25,63;1,95;19,12;2,55;32,06;2,50;31,77;2,59;34,52;2,92;42,76;1,99;31,06;2,22;36,77;1,99;34,63
2,37;31,86;2,27;28,57;2,17;26,48;1,90;12,40;1,99;13,66;2,16;31,36;1,72;14,21;1,57;14,33;1,75;15,55;1,53;15,35;1,99;17,33;2,14;31,48;2,25;29,40;2,20;29,54;2,07;26,02;1,97;19,19;2,58;32,51;2,52;32,21;2,62;34,99;2,95;43,38;2,01;31,42;2,24;37,23;2,01;35,04
2,39;32,91;2,29;29,47;2,19;27,25;1,90;12,61;2,01;13,84;2,18;32,24;1,75;14,30;1,59;14,37;1,77;15,53;1,55;15,43;2,01;17,38;2,17;32,22;2,27;29,93;2,22;30,11;2,09;26,42;1,99;19,23;2,60;32,98;2,55;32,65;2,65;35,46;2,98;44,00;2,04;31,78;2,27;37,70;2,03;35,45
2,40;33,99;2,31;30,40;2,20;28,04;1,93;12,42;2,03;13,91;2,20;33,14;1,77;14,41;1,61;14,42;1,78;15,72;1,56;15,53;2,04;17,46;2,19;32,98;2,29;30,48;2,25;30,70;2,11;26,83;2,01;19,28;2,63;33,45;2,57;33,11;2,67;35,93;3,01;44,64;2,06;32,14;2,29;38,18;2,05;35,86
2,42;35,10;2,33;31,36;2,22;28,85;1,93;12,72;1,97;23,50;2,22;34,07;1,79;14,46;1,64;14,48;1,80;15,77;1,59;15,62;2,05;17,49;2,21;33,75;2,32;31,03;2,27;31,29;2,13;27,24;2,04;19,32;2,65;33,93;2,60;33,56;2,70;36,42;3,04;45,28;2,08;32,51;2,31;38,66;2,07;36,28
2,44;36,25;2,34;32,35;2,24;29,68;1,95;12,56;1,98;24,09;2,24;35,03;1,81;14,45;1,66;14,50;1,82;15,87;1,60;15,72;2,00;30,65;2,23;34,55;2,34;31,60;2,30;31,90;2,15;27,66;2,05;19,29;2,68;34,41;2,63;34,03;2,73;36,91;3,07;45,93;2,10;32,89;2,33;39,15;2,09;36,70
2,45;37,44;2,36;33,38;2,26;30,54;1,95;12,79;2,00;24,70;2,26;36,01;1,83;14,55;1,66;14,70;1,85;15,91;1,61;15,61;2,02;31,43;2,26;35,36;2,36;32,17;2,32;32,52;2,17;28,08;2,02;25,57;2,71;34,90;2,65;34,50;2,75;37,40;3,10;46,60;2,12;33,27;2,36;39,64;2,11;37,13
2,47;38,67;2,38;34,43;2,28;31,42;1,96;12,59;2,02;25,33;2,28;37,02;1,84;14,68;1,68;14,65;1,87;15,93;1,63;15,76;2,04;32,23;2,28;36,19;2,39;32,76;2,34;33,15;2,20;28,51;2,04;25,93;2,73;35,40;2,68;34,97;2,78;37,91;3,13;47,27;2,14;33,65;2,38;40,14;2,13;37,57
2,49;39,94;2,40;35,52;2,29;32,33;1,97;12,80;2,04;25,97;2,30;38,06;1,86;14,70;1,70;14,79;1,89;16,00;1,65;15,84;2,07;33,05;2,30;37,04;2,41;33,35;2,37;33,80;2,22;28,95;2,06;26,30;2,76;35,91;2,71;35,46;2,81;38,42;3,16;47,95;2,16;34,03;2,40;40,65;2,15;38,01
2,50;41,25;2,41;36,64;2,31;33,26;1,99;12,87;2,05;26,63;2,32;39,13;1,88;14,79;1,73;14,79;1,91;16,04;1,67;15,90;2,09;33,89;2,33;37,91;2,43;33,96;2,39;34,45;2,24;29,39;2,08;26,67;2,78;36,42;2,73;35,95;2,83;38,93;3,19;48,64;2,18;34,42;2,42;41,16;2,17;38,45
2,52;42,60;2,43;37,80;2,33;34,22;2,00;12,98;2,07;27,31;2,34;40,22;1,90;14,86;1,74;14,87;1,94;16,10;1,70;15,95;2,11;34,75;2,35;38,80;2,46;34,58;2,41;35,12;2,26;29,84;2,10;27,05;2,81;36,94;2,76;36,45;2,86;39,46;3,21;49,34;2,20;34,82;2,45;41,68;2,19;38,90
2,54;44,00;2,45;38,99;2,35;35,21;2,02;13,01;2,09;28,00;2,36;41,35;1,92;14,93;1,76;14,97;1,96;16,14;1,73;16,02;2,13;35,63;2,37;39,71;2,48;35,20;2,44;35,81;2,28;30,30;2,12;27,44;2,84;37,47;2,79;36,95;2,89;39,99;3,24;50,05;2,22;35,22;2,47;42,21;2,21;39,35
2,55;45,44;2,47;40,22;2,37;36,23;2,00;22,08;2,10;28,71;2,38;42,51;1,946758768;14,98278028;1,788729367;15,05188838;1,977177511;16,19927902;1,746952785;16,13320975;2,15;36,54;2,40;40,64;2,50;35,84;2,46;36,50;2,30;30,77;2,14;27,82;2,86;38,00;2,81;37,46;2,91;40,53;3,27;50,77;2,24;35,62;2,49;42,74;2,23;39,81
2,57;46,93;2,49;41,49;2,38;37,28;2,01;22,61;2,12;29,44;2,40;43,71;1,97080509;15,01306021;1,803698989;15,12313907;1,99957163;16,29224114;1,759288018;16,28522279;2,17;37,47;2,42;41,60;2,53;36,50;2,49;37,21;2,33;31,24;2,16;28,22;2,89;38,55;2,84;37,98;2,94;41,07;3,30;51,50;2,27;36,03;2,52;43,28;2,26;40,28
2,59;48,47;2,50;42,80;2,40;38,35;2,03;23,16;2,14;30,18;2,42;44,93;1,990700668;15,07260804;1,828156169;15,15064108;2,017469555;16,41877652;1,7694781;16,07383418;2,19;38,42;2,44;42,58;2,55;37,16;2,51;37,93;2,35;31,72;2,18;28,62;2,92;39,10;2,86;38,50;2,97;41,62;3,33;52,25;2,29;36,45;2,54;43,83;2,28;40,75
2,60;50,06;2,52;44,15;2,42;39,46;2,05;23,71;2,15;30,95;2,44;46,19;2,013607201;15,1496081;1,850111379;15,19092722;2,034392686;16,44963157;1,782826143;16,25634073;2,21;39,39;2,47;43,58;2,57;37,84;2,53;38,67;2,37;32,20;2,20;29,03;2,94;39,66;2,89;39,04;2,99;42,18;3,36;53,00;2,31;36,87;2,56;44,38;2,30;41,23
2,62;51,70;2,54;45,55;2,44;40,60;2,06;24,29;2,17;31,73;2,46;47,49;2,03014272;15,20014138;1,873457806;15,25841315;2,056366588;16,49541316;1,798019774;16,26872269;2,23;40,40;2,49;44,60;2,60;38,53;2,56;39,42;2,39;32,70;2,22;29,44;2,97;40,22;2,92;39,57;3,02;42,75;3,39;53,76;2,33;37,29;2,58;44,94;2,32;41,71
2,64;53,39;2,56;46,99;2,45;41,78;2,08;24,87;2,19;32,54;2,48;48,82;1,95;25,14;1,894094598;15,29290281;1,98;26,31;1,811853809;16,41592894;2,25;41,42;2,51;45,65;2,62;39,23;2,58;40,19;2,41;33,20;2,24;29,86;2,99;40,80;2,94;40,12;3,05;43,32;3,42;54,54;2,35;37,72;2,61;45,51;2,34;42,20
2,65;55,14;2,58;48,47;2,47;42,98;2,09;25,47;2,20;33,36;2,50;50,19;1,97;25,67;1,9160685;15,33868439;2,00;26,85;1,83242286;16,40504824;2,27;42,48;2,53;46,72;2,64;39,94;2,61;40,97;2,44;33,71;2,26;30,28;3,02;41,38;2,97;40,68;3,08;43,91;3,45;55,32;2,37;38,15;2,63;46,08;2,36;42,69
2,67;56,95;2,59;50,00;2,49;44,23;2,11;26,08;2,22;34,21;2,52;51,60;1,99;26,22;1,941816214;15,42487608;2,01;27,39;1,854609541;16,43702334;2,29;43,55;2,56;47,82;2,67;40,67;2,63;41,76;2,46;34,23;2,29;30,71;3,05;41,97;3,00;41,24;3,10;44,50;3,48;56,12;2,39;38,59;2,65;46,66;2,38;43,19
2,69;58,82;2,61;51,58;2,51;45,50;2,12;26,71;2,24;35,07;2,54;53,05;2,00;26,78;1,963849143;15,48801169;2,03;27,94;1,874483757;16,47640636;2,31;44,66;2,58;48,94;2,69;41,41;2,65;42,58;2,48;34,75;2,31;31,15;3,07;42,57;3,02;41,81;3,13;45,10;3,51;56,93;2,41;39,03;2,68;47,25;2,40;43,69
2,70;60,74;2,63;53,21;2,53;46,82;2,14;27,35;2,26;35,96;2,56;54,53;2,02;27,36;1,986673881;15,55484832;2,05;28,51;1,894957709;16,61574821;2,33;45,80;2,60;50,09;2,71;42,16;2,68;43,40;2,50;35,28;2,33;31,59;3,10;43,18;3,05;42,39;3,16;45,70;3,53;57,75;2,43;39,48;2,70;47,85;2,42;44,20
2,72;62,74;2,65;54,89;2,54;48,17;2,16;28,01;2,27;36,87;2,58;56,06;2,03;27,94;2,008076342;15,66171727;2,06;29,09;1,916897506;16,65150302;2,35;46,96;2,63;51,27;2,74;42,93;2,70;44,25;2,52;35,82;2,35;32,04;3,12;43,80;3,08;42,97;3,18;46,32;3,56;58,58;2,45;39,93;2,72;48,45;2,44;44,72
2,73;64,79;2,66;56,62;2,56;49,57;2,17;28,69;2,29;37,81;2,60;57,64;2,05;28,54;2,014008587;15,80216096;2,08;29,67;1,940240972;16,7792094;2,38;48,15;2,65;52,47;2,76;43,71;2,73;45,11;2,54;36,37;2,37;32,49;3,15;44,42;3,10;43,57;3,21;46,94;3,59;59,43;2,47;40,39;2,74;49,06;2,46;45,24
2,75;66,92;2,68;58,41;2,58;51,00;2,19;29,38;2,31;38,77;2,62;59,25;2,06;29,15;2,030701512;15,82260802;2,10;30,27;1,96195535;16,80214564;2,40;49,38;2,67;53,71;2,78;44,50;2,75;45,98;2,57;36,93;2,39;32,95;3,18;45,06;3,13;44,17;3,24;47,57;3,62;60,28;2,50;40,86;2,77;49,68;2,48;45,77
2,77;69,11;2,70;60,26;2,60;52,47;2,20;30,09;2,32;39,75;2,64;60,92;2,08;29,77;2,032602191;15,92322598;2,12;30,89;1,983137302;16,88236671;2,42;50,63;2,70;54,97;2,81;45,31;2,77;46,88;2,59;37,50;2,41;33,42;3,20;45,70;3,15;44,78;3,26;48,21;3,65;61,15;2,52;41,33;2,79;50,31;2,50;46,31
2,78;71,38;2,72;62,16;2,62;53,99;2,22;30,81;2,34;40,76;2,66;62,63;2,10;30,40;1,93;25,17;2,13;31,51;2,005237128;16,96517023;2,44;51,92;2,72;56,26;2,83;46,14;2,80;47,79;2,61;38,07;2,43;33,89;3,23;46,35;3,18;45,40;3,29;48,86;3,68;62,03;2,54;41,80;2,81;50,94;2,52;46,85
2,80;73,72;2,74;64,12;2,63;55,55;2,23;31,55;2,36;41,79;2,68;64,38;2,11;31,05;1,94;25,65;2,15;32,15;2,027250381;17,02252117;2,46;53,24;2,74;57,58;2,85;46,97;2,82;48,72;2,63;38,66;2,45;34,37;3,26;47,01;3,21;46,03;3,32;49,52;3,71;62,93;2,56;42,28;2,84;51,59;2,54;47,40
2,82;76,13;2,75;66,15;2,65;57,15;2,25;32,31;2,37;42,85;2,70;66,19;2,13;31,72;1,96;26,15;2,17;32,80;2,041981631;17,07714505;2,48;54,59;2,77;58,93;2,88;47,83;2,84;49,66;2,65;39,25;2,47;34,86;3,28;47,69;3,23;46,66;3,34;50,18;3,74;63,84;2,58;42,77;2,86;52,24;2,56;47,95
2,83;78,63;2,77;68,24;2,67;58,81;2,26;33,09;2,39;43,94;2,72;68,05;2,14;32,40;1,97;26,65;2,18;33,46;1,95;28,14;2,50;55,98;2,79;60,32;2,90;48,70;2,87;50,63;2,67;39,85;2,49;35,36;3,31;48,37;3,26;47,31;3,37;50,86;3,77;64,76;2,60;43,26;2,88;52,90;2,58;48,51
2,85;81,21;2,79;70,39;2,69;60,50;2,28;33,89;2,41;45,05;2,74;69,96;2,16;33,09;1,99;27,16;2,20;34,14;1,96;28,68;2,52;57,40;2,81;61,74;2,92;49,58;2,89;51,61;2,70;40,46;2,51;35,86;3,33;49,06;3,29;47,96;3,40;51,54;3,80;65,69;2,62;43,75;2,90;53,57;2,60;49,08
2,87;83,87;2,81;72,62;2,70;62,25;2,30;34,70;2,42;46,19;2,76;71,92;2,18;33,79;2,00;27,68;2,22;34,83;1,98;29,24;2,54;58,86;2,84;63,19;2,95;50,49;2,92;52,61;2,72;41,08;2,53;36,37;3,36;49,76;3,31;48,63;3,42;52,23;3,83;66,64;2,64;44,26;2,93;54,24;2,63;49,65
2,88;86,62;2,82;74,91;2,72;64,05;2,31;35,54;2,44;47,36;2,78;73,94;2,19;34,52;2,02;28,21;2,24;35,53;1,99;29,80;2,56;60,36;2,86;64,67;2,97;51,40;2,94;53,64;2,74;41,71;2,55;36,88;3,39;50,47;3,34;49,30;3,45;52,94;3,86;67,60;2,66;44,77;2,95;54,93;2,65;50,23
2,90;89,46;2,84;77,28;2,74;65,90;2,33;36,40;2,46;48,56;2,80;76,01;2,21;35,25;2,03;28,74;2,25;36,25;2,01;30,38;2,58;61,89;2,88;66,19;2,99;52,34;2,96;54,68;2,76;42,35;2,57;37,41;3,41;51,19;3,37;49,98;3,48;53,65;3,88;68,57;2,68;45,28;2,97;55,62;2,67;50,82
2,92;92,39;2,86;79,72;2,76;67,81;2,34;37,27;2,47;49,79;2,82;78,14;2,22;36,01;2,05;29,29;2,27;36,99;2,03;30,97;2,60;63,47;2,90;67,74;3,02;53,29;2,99;55,74;2,78;43,00;2,59;37,94;3,44;51,92;3,39;50,67;3,50;54,37;3,91;69,56;2,70;45,80;2,99;56,32;2,69;51,41
2,93;95,42;2,88;82,23;2,78;69,77;2,36;38,17;2,49;51,06;2,84;80,34;2,24;36,78;2,06;29,86;2,29;37,73;2,04;31,57;2,62;65,08;2,93;69,34;3,04;54,26;3,01;56,82;2,80;43,66;2,61;38,48;3,46;52,66;3,42;51,37;3,53;55,10;3,94;70,56;2,73;46,33;3,02;57,03;2,71;52,01
2,95;98,55;2,90;84,83;2,79;71,78;2,37;39,09;2,51;52,35;2,86;82,59;2,26;37,56;2,08;30,43;2,30;38,50;2,06;32,18;2,64;66,73;2,95;70,97;3,06;55,25;3,04;57,93;2,83;44,33;2,63;39,02;3,49;53,42;3,44;52,08;3,56;55,84;3,97;71,58;2,75;46,86;3,04;57,75;2,73;52,62
2,97;101,78;2,91;87,51;2,81;73,86;2,39;40,03;2,53;53,68;2,88;84,91;2,27;38,36;2,09;31,01;2,32;39,28;2,07;32,80;2,66;68,43;2,97;72,63;3,09;56,25;3,06;59,05;2,85;45,01;2,66;39,58;3,52;54,18;3,47;52,80;3,59;56,59;4,00;72,61;2,77;47,40;3,06;58,48;2,75;53,24
2,98;105,12;2,93;90,28;2,83;75,99;2,40;40,99;2,54;55,04;2,90;87,29;2,29;39,18;2,11;31,60;2,34;40,07;2,09;33,44;2,69;70,17;3,00;74,34;3,11;57,28;3,08;60,20;2,87;45,70;2,68;40,14;3,54;54,95;3,50;53,53;3,61;57,35;4,03;73,66;2,79;47,94;3,09;59,22;2,77;53,86
3,00;108,57;2,95;93,13;2,85;78,19;2,42;41,98;2,56;56,43;2,92;89,74;2,30;40,02;2,12;32,21;2,36;40,88;2,11;34,08;2,71;71,95;3,02;76,09;3,13;58,32;3,11;61,37;2,89;46,40;2,70;40,71;3,57;55,74;3,52;54,27;3,64;58,12;4,06;74,72;2,81;48,49;3,11;59,97;2,79;54,49
3,02;112,12;2,97;96,07;2,87;80,45;2,44;42,99;2,58;57,86;2,94;92,26;2,32;40,88;2,14;32,82;2,37;41,71;2,12;34,74;2,73;73,78;3,04;77,87;3,16;59,38;3,13;62,56;2,91;47,12;2,72;41,29;3,60;56,54;3,55;55,02;3,67;58,91;4,09;75,79;2,83;49,05;3,13;60,72;2,81;55,13
3,03;115,80;2,99;99,10;2,88;82,77;2,45;44,03;2,59;59,33;2,96;94,84;2,33;41,75;2,15;33,45;2,39;42,55;2,14;35,41;2,75;75,66;3,07;79,70;3,18;60,46;3,15;63,78;2,94;47,84;2,74;41,87;3,62;57,34;3,58;55,78;3,69;59,70;4,12;76,89;2,85;49,61;3,15;61,49;2,83;55,77
3,05;119,60;3,00;102,23;2,90;85,17;2,47;45,09;2,61;60,84;2,98;97,50;2,35;42,64;2,17;34,09;2,41;43,41;2,15;36,10;2,77;77,58;3,09;81,58;3,20;61,56;3,18;65,02;2,96;48,57;2,76;42,47;3,65;58,16;3,60;56,55;3,72;60,50;4,15;77,99;2,87;50,18;3,18;62,26;2,85;56,42
3,07;123,52;3,02;105,46;2,92;87,63;2,48;46,17;2,63;62,38;3,00;100,24;2,37;43,55;2,18;34,74;2,42;44,29;2,17;36,80;2,79;79,55;3,11;83,49;3,23;62,68;3,20;66,28;2,98;49,32;2,78;43,07;3,67;58,99;3,63;57,33;3,75;61,31;4,18;79,12;2,89;50,76;3,20;63,05;2,87;57,08
3,08;127,57;3,04;108,79;2,94;90,16;2,50;47,29;2,64;63,96;3,02;103,05;2,38;44,48;2,20;35,41;2,44;45,19;2,18;37,51;2,81;81,57;3,14;85,45;3,25;63,82;3,23;67,57;3,00;50,07;2,80;43,68;3,70;59,84;3,66;58,13;3,77;62,14;4,21;80,26;2,91;51,34;3,22;63,85;2,89;57,75
3,10;131,75;3,06;112,23;2,96;92,76;2,51;48,42;2,66;65,58;3,04;105,94;2,40;45,43;2,21;36,09;2,46;46,10;2,20;38,24;2,83;83,65;3,16;87,46;3,27;64,98;3,25;68,88;3,02;50,84;2,82;44,30;3,73;60,69;3,68;58,93;3,80;62,97;4,23;81,42;2,93;51,93;3,25;64,65;2,91;58,42
3,12;136,07;3,07;115,77;2,97;95,45;2,53;49,59;2,68;67,24;3,06;108,92;2,41;46,40;2,23;36,78;2,48;47,03;2,22;38,97;2,85;85,77;3,18;89,52;3,30;66,16;3,27;70,22;3,04;51,62;2,84;44,93;3,75;61,56;3,71;59,75;3,83;63,82;4,26;82,59;2,95;52,53;3,27;65,47;2,93;59,11
3,13;140,53;3,09;119,43;2,99;98,20;2,54;50,78;2,69;68,95;3,08;111,97;2,43;47,39;2,24;37,48;2,49;47,98;2,23;39,73;2,87;87,95;3,21;91,62;3,32;67,37;3,30;71,58;3,07;52,41;2,86;45,57;3,78;62,44;3,73;60,57;3,85;64,68;4,29;83,78;2,98;53,13;3,29;66,29;2,95;59,80
3,15;145,14;3,11;123,20;3,01;101,04;2,56;52,01;2,71;70,70;3,10;115,11;2,45;48,41;2,26;38,20;2,51;48,96;2,25;40,50;2,89;90,19;3,23;93,77;3,35;68,59;3,32;72,97;3,09;53,22;2,88;46,21;3,80;63,33;3,76;61,41;3,88;65,55;4,32;84,99;3,00;53,74;3,31;67,13;2,97;60,50
3,17;149,90;3,13;127,09;3,03;103,96;2,58;53,26;2,73;72,49;3,12;118,34;2,46;49,44;2,27;38,93;2,53;49,95;2,26;41,28;2,91;92,48;3,25;95,98;3,37;69,84;3,35;74,39;3,11;54,03;2,90;46,87;3,83;64,23;3,79;62,26;3,91;66,43;4,35;86,21;3,02;54,36;3,34;67,98;2,99;61,20
3,18;154,81;3,15;131,11;3,04;106,97;2,59;54,54;2,75;74,32;3,14;121,66;2,48;50,50;2,29;39,67;2,54;50,96;2,28;42,08;2,93;94,83;3,27;98,23;3,39;71,11;3,37;75,84;3,13;54,86;2,92;47,53;3,86;65,15;3,81;63,12;3,93;67,32;4,38;87,45;3,04;54,98;3,36;68,83;3,02;61,92
3,20;159,89;3,16;135,25;3,06;110,06;2,61;55,86;2,76;76,21;3,16;125,08;2,49;51,58;2,30;40,43;2,56;51,99;2,30;42,89;2,95;97,24;3,30;100,54;3,42;72,40;3,39;77,31;3,15;55,70;2,94;48,21;3,88;66,08;3,84;63,99;3,96;68,23;4,41;88,71;3,06;55,61;3,38;69,70;3,04;62,64
3,22;165,13;3,18;139,52;3,08;113,24;2,62;57,20;2,78;78,14;3,18;128,59;2,51;52,68;2,32;41,21;2,58;53,04;2,31;43,72;2,97;99,71;3,32;102,90;3,44;73,72;3,42;78,81;3,17;56,56;2,96;48,89;3,91;67,03;3,87;64,88;3,99;69,15;4,44;89,99;3,08;56,25;3,41;70,58;3,06;63,38
3,23;170,54;3,20;143,92;3,10;116,51;2,64;58,58;2,80;80,12;3,20;132,19;2,53;53,80;2,33;41,99;2,60;54,11;2,33;44,57;3,00;102,25;3,34;105,32;3,46;75,06;3,44;80,34;3,20;57,43;2,98;49,59;3,94;67,98;3,89;65,77;4,02;70,08;4,47;91,29;3,10;56,90;3,43;71,47;3,08;64,12
3,25;176,13;3,22;148,47;3,12;119,88;2,65;59,99;2,81;82,15;3,22;135,90;2,54;54,95;2,35;42,80;2,61;55,20;2,34;45,43;3,02;104,85;3,37;107,79;3,49;76,43;3,47;81,91;3,22;58,31;3,01;50,29;3,96;68,96;3,92;66,68;4,04;71,02;4,50;92,61;3,12;57,55;3,45;72,38;3,10;64,87
3,26;181,91;3,24;153,16;3,13;123,34;2,67;61,43;2,83;84,24;3,24;139,71;2,56;56,13;2,36;43,62;2,63;56,32;2,36;46,31;3,04;107,51;3,39;110,32;3,51;77,82;3,49;83,50;3,24;59,20;3,03;51,00;3,99;69,94;3,95;67,60;4,07;71,97;4,53;93,94;3,14;58,21;3,47;73,29;3,12;65,62
3,28;187,87;3,25;158,00;3,15;126,91;2,69;62,91;2,85;86,37;3,26;143,63;2,57;57,33;2,38;44,45;2,65;57,46;2,37;47,21;3,06;110,24;3,41;112,92;3,53;79,23;3,51;85,12;3,26;60,11;3,05;51,73;4,01;70,94;3,97;68,54;4,10;72,94;4,55;95,29;3,16;58,88;3,50;74,21;3,14;66,39
3,30;194,03;3,27;162,99;3,17;130,57;2,70;64,43;2,86;88,56;3,28;147,66;2,59;58,55;2,39;45,30;2,66;58,62;2,39;48,12;3,08;113,05;3,44;115,57;3,56;80,67;3,54;86,77;3,28;61,03;3,07;52,46;4,04;71,95;4,00;69,49;4,12;73,92;4,58;96,67;3,18;59,56;3,52;75,15;3,16;67,17
3,31;200,39;3,29;168,13;3,19;134,35;2,72;65,98;2,88;90,80;3,30;151,81;2,61;59,80;2,41;46,17;2,68;59,81;2,41;49,05;3,10;115,92;3,46;118,28;3,58;82,14;3,56;88,46;3,30;61,97;3,09;53,21;4,07;72,98;4,03;70,45;4,15;74,92;4,61;98,06;3,21;60,24;3,54;76,10;3,18;67,95
3,33;206,96;3,31;173,44;3,21;138,23;2,73;67,57;2,90;93,11;3,32;156,07;2,62;61,08;2,42;47,05;2,70;61,02;2,42;50,00;3,12;118,87;3,48;121,06;3,60;83,63;3,58;90,18;3,33;62,92;3,11;53,96;4,09;74,02;4,05;71,42;4,18;75,92;4,64;99,47;3,23;60,93;3,57;77,06;3,20;68,75
3,35;213,75;3,32;178,92;3,22;142,23;2,75;69,20;2,91;95,47;3,34;160,44;2,64;62,38;2,44;47,95;2,72;62,25;2,44;50,97;3,14;121,89;3,51;123,91;3,63;85,16;3,61;91,93;3,35;63,88;3,13;54,73;4,12;75,08;4,08;72,41;4,20;76,94;4,67;100,91;3,25;61,63;3,59;78,03;3,22;69,55
3,36;220,76;3,34;184,57;3,24;146,34;2,76;70,86;2,93;97,89;3,36;164,95;2,65;63,72;2,45;48,87;2,73;63,51;2,45;51,95;3,16;124,98;3,53;126,82;3,65;86,70;3,63;93,72;3,37;64,86;3,15;55,50;4,14;76,15;4,10;73,41;4,23;77,98;4,70;102,36;3,27;62,34;3,61;79,02;3,24;70,36
3,38;227,99;3,36;190,40;3,26;150,56;2,78;72,57;2,95;100,37;3,38;169,57;2,67;65,08;2,47;49,80;2,75;64,80;2,47;52,96;3,18;128,16;3,55;129,80;3,67;88,28;3,66;95,54;3,39;65,86;3,17;56,29;4,17;77,24;4,13;74,42;4,26;79,03;4,73;103,84;3,29;63,06;3,63;80,01;3,26;71,19
3,40;235,47;3,38;196,42;3,28;154,92;2,79;74,32;2,97;102,91;3,40;174,33;2,68;66,47;2,48;50,76;2,77;66,11;2,48;53,98;3,20;131,42;3,57;132,85;3,70;89,89;3,68;97,39;3,41;66,87;3,19;57,09;4,20;78,35;4,16;75,45;4,28;80,09;4,76;105,33;3,31;63,78;3,66;81,02;3,28;72,02
3,41;243,19;3,40;202,62;3,30;159,39;2,81;76,11;2,98;105,52;3,42;179,22;2,70;67,89;2,50;51,73;2,78;67,44;2,50;55,03;3,22;134,76;3,60;135,97;3,72;91,52;3,70;99,29;3,43;67,89;3,21;57,90;4,22;79,47;4,18;76,50;4,31;81,17;4,79;106,85;3,33;64,51;3,68;82,05;3,30;72,86
3,43;251,16;3,41;209,02;3,31;164,00;2,83;77,94;3,00;108,20;3,44;184,25;2,72;69,34;2,51;52,72;2,80;68,81;2,52;56,09;3,24;138,18;3,62;139,16;3,74;93,19;3,73;101,21;3,46;68,93;3,23;58,72;4,25;80,60;4,21;77,55;4,34;82,26;4,82;108,39;3,35;65,25;3,70;83,08;3,32;73,71
3,45;259,40;3,43;215,62;3,33;168,74;2,84;79,82;3,02;110,94;3,46;189,42;2,73;70,82;2,53;53,73;2,82;70,20;2,53;57,18;3,26;141,70;3,64;142,43;3,77;94,88;3,75;103,18;3,48;69,99;3,25;59,56;4,28;81,75;4,24;78,62;4,36;83,36;4,85;109,95;3,37;66,00;3,72;84,13;3,34;74,57
3,46;267,90;3,45;222,43;3,35;173,61;2,86;81,74;3,03;113,75;3,48;194,73;2,75;72,33;2,54;54,75;2,84;71,62;2,55;58,28;3,28;145,30;3,67;145,78;3,79;96,61;3,78;105,19;3,50;71,07;3,27;60,40;4,30;82,92;4,26;79,71;4,39;84,49;4,88;111,54;3,39;66,76;3,75;85,19;3,36;75,45
3,48;276,69;3,47;229,46;3,37;178,63;2,87;83,71;3,05;116,63;3,50;200,20;2,76;73,88;2,56;55,80;2,85;73,07;2,56;59,41;3,31;148,99;3,69;149,21;3,81;98,37;3,80;107,23;3,52;72,16;3,29;61,26;4,33;84,10;4,29;80,81;4,42;85,62;4,90;113,15;3,41;67,53;3,77;86,27;3,39;76,33
3,50;285,76;3,49;236,70;3,38;183,79;2,89;85,72;3,07;119,59;3,52;205,81;2,78;75,46;2,57;56,87;2,87;74,55;2,58;60,56;3,33;152,78;3,71;152,71;3,84;100,15;3,82;109,31;3,54;73,26;3,31;62,13;4,35;85,31;4,32;81,93;4,44;86,77;4,93;114,78;3,44;68,30;3,79;87,35;3,41;77,22
3,51;295,13;3,50;244,18;3,40;189,11;2,90;87,79;3,08;122,62;3,54;211,59;2,80;77,07;2,59;57,96;2,89;76,05;2,60;61,73;3,35;156,66;3,74;156,30;3,86;101,98;3,85;111,44;3,57;74,39;3,33;63,01;4,38;86,53;4,34;83,06;4,47;87,94;4,96;116,43;3,46;69,09;3,82;88,46;3,43;78,12
3,53;304,80;3,52;251,89;3,42;194,57;2,92;89,90;3,10;125,73;3,56;217,52;2,81;78,72;2,61;59,07;2,90;77,59;2,61;62,93;3,37;160,64;3,76;159,97;3,88;103,83;3,87;113,60;3,59;75,53;3,35;63,90;4,41;87,76;4,37;84,21;4,50;89,12;4,99;118,11;3,48;69,88;3,84;89,57;3,45;79,04
3,55;314,79;3,54;259,85;3,44;200,19;2,93;92,07;3,12;128,92;3,58;223,63;2,83;80,40;2,62;60,20;2,92;79,16;2,63;64,15;3,39;164,73;3,78;163,73;3,91;105,72;3,89;115,81;3,61;76,69;3,38;64,81;4,43;89,01;4,39;85,38;4,53;90,32;5,02;119,81;3,50;70,69;3,86;90,70;3,47;79,96
3,56;325,11;3,56;268,05;3,46;205,98;2,95;94,28;3,13;132,19;3,60;229,90;2,84;82,12;2,64;61,35;2,94;80,76;2,64;65,39;3,41;168,91;3,81;167,58;3,93;107,64;3,92;118,06;3,63;77,86;3,40;65,73;4,46;90,29;4,42;86,56;4,55;91,54;5,05;121,54;3,52;71,50;3,88;91,85;3,49;80,89
3,58;335,77;3,57;276,52;3,47;211,93;2,97;96,55;3,15;135,54;3,62;236,35;2,86;83,87;2,65;62,52;2,96;82,40;2,66;66,65;3,43;173,21;3,83;171,51;3,95;109,60;3,94;120,35;3,65;79,06;3,42;66,66;4,48;91,58;4,45;87,75;4,58;92,77;5,08;123,29;3,54;72,32;3,91;93,01;3,51;81,84
3,60;346,78;3,59;285,25;3,49;218,06;2,98;98,88;3,17;138,97;3,64;242,98;2,88;85,66;2,67;63,72;2,97;84,06;2,67;67,94;3,45;177,61;3,85;175,54;3,98;111,60;3,97;122,69;3,67;80,27;3,44;67,61;4,51;92,88;4,47;88,97;4,61;94,01;5,11;125,07;3,56;73,15;3,93;94,18;3,53;82,80
3,61;358,15;3,61;294,26;3,51;224,36;3,00;101,26;3,19;142,50;3,65;249,80;2,89;87,49;2,68;64,94;2,99;85,76;2,69;69,26;3,47;182,12;3,88;179,67;4,00;113,63;3,99;125,08;3,70;81,50;3,46;68,57;4,54;94,21;4,50;90,20;4,63;95,28;5,14;126,87;3,58;73,99;3,95;95,37;3,55;83,76
3,63;369,89;3,63;303,55;3,53;230,84;3,01;103,70;3,20;146,11;3,67;256,81;2,91;89,36;2,70;66,18;3,01;87,50;2,71;70,60;3,49;186,75;3,90;183,89;4,02;115,69;4,01;127,51;3,72;82,75;3,48;69,54;4,56;95,56;4,53;91,44;4,66;96,56;5,17;128,70;3,60;74,84;3,98;96,57;3,57;84,74
3,65;382,02;3,65;313,14;3,55;237,51;3,03;106,20;3,22;149,81;3,69;264,01;2,92;91,27;2,71;67,45;3,02;89,27;2,72;71,96;3,51;191,50;3,92;188,21;4,05;117,80;4,04;129,98;3,74;84,02;3,50;70,53;4,59;96,92;4,55;92,71;4,69;97,86;5,20;130,55;3,62;75,70;4,00;97,79;3,59;85,73
3,66;394,55;3,66;323,03;3,56;244,38;3,04;108,75;3,24;153,61;3,71;271,42;2,94;93,22;2,73;68,74;3,04;91,07;2,74;73,35;3,53;196,37;3,94;192,63;4,07;119,94;4,06;132,51;3,76;85,31;3,52;71,53;4,62;98,31;4,58;93,99;4,71;99,17;5,22;132,43;3,64;76,57;4,02;99,03;3,61;86,74
3,68;407,48;3,68;333,23;3,58;251,44;3,06;111,37;3,25;157,50;3,73;279,03;2,96;95,21;2,74;70,05;3,06;92,92;2,75;74,77;3,55;201,36;3,97;197,16;4,09;122,12;4,09;135,08;3,78;86,62;3,54;72,54;4,64;99,71;4,61;95,29;4,74;100,51;5,25;134,34;3,67;77,45;4,04;100,28;3,63;87,75
3,70;420,84;3,70;343,76;3,60;258,71;3,07;114,05;3,27;161,50;3,75;286,86;2,97;97,24;2,76;71,39;3,08;94,80;2,77;76,22;3,57;206,47;3,99;201,79;4,12;124,34;4,11;137,71;3,80;87,94;3,56;73,57;4,67;101,14;4,63;96,61;4,77;101,86;5,28;136,28;3,69;78,34;4,07;101,54;3,65;88,78
3,71;434,64;3,72;354,62;3,62;266,18;3,09;116,80;3,29;165,59;3,77;294,91;2,99;99,32;2,77;72,76;3,09;96,71;2,79;77,69;3,59;211,72;4,01;206,53;4,14;126,60;4,13;140,38;3,83;89,29;3,58;74,62;4,69;102,58;4,66;97,94;4,79;103,23;5,31;138,24;3,71;79,24;4,09;102,82;3,67;89,81
3,73;448,89;3,74;365,82;3,63;273,88;3,11;119,61;3,30;169,79;3,79;303,18;3,00;101,44;2,79;74,15;3,11;98,67;2,80;79,20;3,61;217,10;4,04;211,38;4,16;128,91;4,16;143,11;3,85;90,66;3,60;75,68;4,72;104,05;4,68;99,30;4,82;104,62;5,34;140,24;3,73;80,15;4,11;104,12;3,69;90,86
3,75;463,61;3,75;377,37;3,65;281,79;3,12;122,49;3,32;174,09;3,81;311,69;3,02;103,61;2,80;75,57;3,13;100,66;2,82;80,73;3,64;222,62;4,06;216,35;4,19;131,25;4,18;145,89;3,87;92,05;3,62;76,75;4,75;105,53;4,71;100,67;4,85;106,02;5,37;142,26;3,75;81,07;4,14;105,43;3,71;91,93
3,76;478,80;3,77;389,29;3,67;289,93;3,14;125,44;3,34;178,51;3,83;320,44;3,03;105,83;2,82;77,02;3,14;102,70;2,83;82,29;3,66;228,28;4,08;221,43;4,21;133,64;4,21;148,73;3,89;93,47;3,64;77,84;4,77;107,04;4,74;102,06;4,87;107,45;5,40;144,31;3,77;82,00;4,16;106,76;3,73;93,00
3,78;494,50;3,79;401,58;3,69;298,31;3,15;128,46;3,35;183,03;3,85;329,43;3,05;108,09;2,83;78,49;3,16;104,78;2,85;83,88;3,68;234,08;4,11;226,63;4,23;136,07;4,23;151,62;3,91;94,90;3,66;78,94;4,80;108,57;4,76;103,47;4,90;108,89;5,43;146,39;3,79;82,94;4,18;108,11;3,76;94,09
3,80;510,72;3,81;414,27;3,71;306,93;3,17;131,56;3,37;187,67;3,87;338,67;3,07;110,40;2,85;79,99;3,18;106,90;2,86;85,51;3,70;240,03;4,13;231,96;4,26;138,55;4,25;154,56;3,93;96,35;3,68;80,06;4,82;110,12;4,79;104,90;4,93;110,36;5,46;148,50;3,81;83,89;4,20;109,48;3,78;95,19
3,81;527,46;3,82;427,35;3,72;315,80;3,18;134,73;3,39;192,43;3,89;348,17;3,08;112,75;2,86;81,52;3,20;109,06;2,88;87,16;3,72;246,13;4,15;237,41;4,28;141,07;4,28;157,57;3,96;97,83;3,70;81,20;4,85;111,69;4,82;106,35;4,95;111,84;5,49;150,64;3,83;84,86;4,23;110,86;3,80;96,30
3,83;544,75;3,84;440,85;3,74;324,93;3,20;137,97;3,41;197,31;3,91;357,94;3,10;115,16;2,88;83,08;3,21;111,27;2,90;88,85;3,74;252,39;4,18;242,99;4,30;143,63;4,30;160,63;3,98;99,33;3,72;82,35;4,88;113,29;4,84;107,82;4,98;113,35;5,52;152,81;3,85;85,83;4,25;112,26;3,82;97,42
3,84;562,61;3,86;454,77;3,76;334,32;3,22;141,29;3,42;202,31;3,93;367,98;3,11;117,62;2,89;84,67;3,23;113,52;2,91;90,57;3,76;258,80;4,20;248,69;4,33;146,24;4,32;163,75;4,00;100,86;3,75;83,52;4,90;114,91;4,87;109,31;5,01;114,87;5,55;155,01;3,87;86,82;4,27;113,67;3,84;98,56
3,86;581,06;3,88;469,14;3,78;343,98;3,23;144,70;3,44;207,44;3,95;378,30;3,13;120,14;2,91;86,29;3,25;115,81;2,93;92,32;3,78;265,38;4,22;254,54;4,35;148,90;4,35;166,93;4,02;102,40;3,77;84,71;4,93;116,55;4,90;110,82;5,04;116,41;5,57;157,24;3,90;87,81;4,30;115,11;3,86;99,72
3,88;600,11;3,90;483,95;3,80;353,92;3,25;148,18;3,46;212,69;3,97;388,92;3,15;122,70;2,92;87,94;3,26;118,15;2,94;94,11;3,80;272,13;4,25;260,52;4,37;151,61;4,37;170,17;4,04;103,97;3,79;85,91;4,96;118,22;4,92;112,36;5,06;117,98;5,60;159,51;3,92;88,82;4,32;116,56;3,88;100,88
3,89;619,78;3,91;499,24;3,81;364,15;3,26;151,75;3,47;218,09;3,99;399,83;3,16;125,32;2,94;89,63;3,28;120,54;2,96;95,93;3,82;279,04;4,27;266,64;4,40;154,37;4,40;173,48;4,07;105,57;3,81;87,13;4,98;119,90;4,95;113,91;5,09;119,57;5,63;161,81;3,94;89,84;4,34;118,03;3,90;102,06
3,91;640,10;3,93;515,00;3,83;374,68;3,28;155,40;3,49;223,61;4,01;411,05;3,18;128,00;2,95;91,34;3,30;122,98;2,98;97,78;3,84;286,14;4,29;272,90;4,42;157,18;4,42;176,85;4,09;107,19;3,83;88,37;5,01;121,62;4,97;115,48;5,12;121,17;5,66;164,14;3,96;90,88;4,36;119,52;3,92;103,25
3,93;661,09;3,95;531,27;3,85;385,50;3,29;159,15;3,51;229,28;4,03;422,58;3,19;130,74;2,97;93,09;3,32;125,47;2,99;99,67;3,86;293,41;4,31;279,31;4,44;160,04;4,44;180,29;4,11;108,83;3,85;89,62;5,03;123,36;5,00;117,08;5,14;122,80;5,69;166,51;3,98;91,92;4,39;121,03;3,94;104,46
3,94;682,76;3,97;548,05;3,87;396,64;3,31;162,98;3,52;235,09;4,05;434,43;3,21;133,53;2,98;94,87;3,33;128,01;3,01;101,60;3,88;300,87;4,34;285,88;4,47;162,95;4,47;183,79;4,13;110,50;3,87;90,89;5,06;125,12;5,03;118,70;5,17;124,45;5,72;168,91;4,00;92,97;4,41;122,56;3,96;105,68
